"FACILITY/SITE ID","FACILITY/SITE NAME","FACILITY/SITE ADDRESS","CITY","COUNTY","DISTRICT","DOCUMENT DATE","DATE RECEIVED","DOCUMENT TYPE","SUBJECT","PERMIT NUMBER","FILE TYPE","FILE SIZE","FILE PATH"
"FL0980722","NORTH FLORIDA ROCK","5160 Vermont Rd ","MARIANNA","JACKSON","NWD","07-01-2026","08-14-2026","DISCHARGE MONITORING REPORTS RELATED","DMR 2026 JUL MO PART B (867059)","",".xlsx","13.2 KB","https://prodenv.dep.state.fl.us/DepStaging/api/dms/38.1522091.1"
"FL0980722","NORTH FLORIDA ROCK","5160 Vermont Rd ","MARIANNA","JACKSON","NWD","07-01-2026","08-14-2026","DISCHARGE MONITORING REPORTS RELATED","DMR 2026 JUL MO PART A (867059) D-001 D-002","",".pdf","51.5 KB","https://prodenv.dep.state.fl.us/DepStaging/api/dms/38.1522092.1"
"FL0980722","NORTH FLORIDA ROCK","5160 Vermont Rd ","MARIANNA","JACKSON","NWD","06-01-2026","07-09-2026","DISCHARGE MONITORING REPORTS RELATED","DMR 2026 JUN MO PART B (863826)","",".xlsx","13.2 KB","https://prodenv.dep.state.fl.us/DepStaging/api/dms/38.1515630.1"
"FL0980722","NORTH FLORIDA ROCK","5160 Vermont Rd ","MARIANNA","JACKSON","NWD","06-01-2026","07-09-2026","DISCHARGE MONITORING REPORTS RELATED","DMR 2026 JUN MO PART A (863826) D-001 D-002","",".pdf","51.5 KB","https://prodenv.dep.state.fl.us/DepStaging/api/dms/38.1515629.1"
"FL0980722","NORTH FLORIDA ROCK","5160 Vermont Rd ","MARIANNA","JACKSON","NWD","05-01-2026","06-09-2026","DISCHARGE MONITORING REPORTS RELATED","DMR 2026 MAY MO PART B (861457)","",".xlsx","13.1 KB","https://prodenv.dep.state.fl.us/DepStaging/api/dms/38.1505219.1"
"FL0980722","NORTH FLORIDA ROCK","5160 Vermont Rd ","MARIANNA","JACKSON","NWD","05-01-2026","06-09-2026","DISCHARGE MONITORING REPORTS RELATED","DMR 2026 MAY MO PART A (861457) D-001 D-002","",".pdf","51.5 KB","https://prodenv.dep.state.fl.us/DepStaging/api/dms/38.1505218.1"
"FL0980722","NORTH FLORIDA ROCK","5160 Vermont Rd ","MARIANNA","JACKSON","NWD","04-01-2026","05-12-2026","DISCHARGE MONITORING REPORTS RELATED","DMR 2026 APR MO PART B (857762)","",".xlsx","13.2 KB","https://prodenv.dep.state.fl.us/DepStaging/api/dms/38.1498124.1"
"FL0980722","NORTH FLORIDA ROCK","5160 Vermont Rd ","MARIANNA","JACKSON","NWD","04-01-2026","05-12-2026","DISCHARGE MONITORING REPORTS RELATED","DMR 2026 APR MO PART A (857762) D-001 D-002","",".pdf","51.5 KB","https://prodenv.dep.state.fl.us/DepStaging/api/dms/38.1498123.1"
"FL0980722","NORTH FLORIDA ROCK","5160 Vermont Rd ","MARIANNA","JACKSON","NWD","03-01-2026","04-22-2026","DISCHARGE MONITORING REPORTS RELATED","DMR 2026 MAR MO PART B (852580)","",".xlsx","13.0 KB","https://prodenv.dep.state.fl.us/DepStaging/api/dms/38.1490921.1"
"FL0980722","NORTH FLORIDA ROCK","5160 Vermont Rd ","MARIANNA","JACKSON","NWD","03-01-2026","04-22-2026","DISCHARGE MONITORING REPORTS RELATED","DMR 2026 MAR MO PART A (852580) D-001 D-002","",".pdf","51.5 KB","https://prodenv.dep.state.fl.us/DepStaging/api/dms/38.1490920.1"
"FL0980722","NORTH FLORIDA ROCK","5160 Vermont Rd ","MARIANNA","JACKSON","NWD","02-01-2026","03-12-2026","DISCHARGE MONITORING REPORTS RELATED","DMR 2026 FEB MO PART B (849127)","",".xlsx","13.2 KB","https://prodenv.dep.state.fl.us/DepStaging/api/dms/38.1482542.1"
"FL0980722","NORTH FLORIDA ROCK","5160 Vermont Rd ","MARIANNA","JACKSON","NWD","02-01-2026","03-12-2026","DISCHARGE MONITORING REPORTS RELATED","DMR 2026 FEB MO PART A (849127) D-001 D-002","",".pdf","51.5 KB","https://prodenv.dep.state.fl.us/DepStaging/api/dms/38.1482541.1"
"FL0980722","NORTH FLORIDA ROCK","5160 Vermont Rd ","MARIANNA","JACKSON","NWD","01-01-2026","02-24-2026","DISCHARGE MONITORING REPORTS RELATED","DMR 2026 JAN MO PART B (843739)","",".xlsx","13.0 KB","https://prodenv.dep.state.fl.us/DepStaging/api/dms/38.1473310.1"
"FL0980722","NORTH FLORIDA ROCK","5160 Vermont Rd ","MARIANNA","JACKSON","NWD","01-01-2026","02-24-2026","DISCHARGE MONITORING REPORTS RELATED","DMR 2026 JAN MO PART A (843739) D-001 D-002","",".pdf","51.5 KB","https://prodenv.dep.state.fl.us/DepStaging/api/dms/38.1473311.1"
"FL0980722","NORTH FLORIDA ROCK","5160 Vermont Rd ","MARIANNA","JACKSON","NWD","12-01-2025","01-16-2026","DISCHARGE MONITORING REPORTS RELATED","DMR 2025 DEC MO PART B (841014)","",".xlsx","12.7 KB","https://prodenv.dep.state.fl.us/DepStaging/api/dms/38.1463403.1"
"FL0980722","NORTH FLORIDA ROCK","5160 Vermont Rd ","MARIANNA","JACKSON","NWD","12-01-2025","01-16-2026","DISCHARGE MONITORING REPORTS RELATED","DMR 2025 DEC MO PART A (841014) D-001 D-002","",".pdf","51.5 KB","https://prodenv.dep.state.fl.us/DepStaging/api/dms/38.1463404.1"
"FL0980722","NORTH FLORIDA ROCK","5160 Vermont Rd ","MARIANNA","JACKSON","NWD","11-01-2025","12-12-2025","DISCHARGE MONITORING REPORTS RELATED","DMR 2025 NOV MO PART B (838902)","",".xlsx","13.0 KB","https://prodenv.dep.state.fl.us/DepStaging/api/dms/38.1453488.1"
"FL0980722","NORTH FLORIDA ROCK","5160 Vermont Rd ","MARIANNA","JACKSON","NWD","11-01-2025","12-12-2025","DISCHARGE MONITORING REPORTS RELATED","DMR 2025 NOV MO PART A (838902) D-001 D-002","",".pdf","51.5 KB","https://prodenv.dep.state.fl.us/DepStaging/api/dms/38.1453489.1"
"FL0980722","NORTH FLORIDA ROCK","5160 Vermont Rd ","MARIANNA","JACKSON","NWD","10-01-2025","11-14-2025","DISCHARGE MONITORING REPORTS RELATED","DMR 2025 OCT MO PART B (834600)","",".xlsx","13.1 KB","https://prodenv.dep.state.fl.us/DepStaging/api/dms/38.1444240.1"
"FL0980722","NORTH FLORIDA ROCK","5160 Vermont Rd ","MARIANNA","JACKSON","NWD","10-01-2025","11-14-2025","DISCHARGE MONITORING REPORTS RELATED","DMR 2025 OCT MO PART A (834600) D-001 D-002","",".pdf","51.5 KB","https://prodenv.dep.state.fl.us/DepStaging/api/dms/38.1444241.1"
"FL0980722","NORTH FLORIDA ROCK","5160 Vermont Rd ","MARIANNA","JACKSON","NWD","09-01-2025","10-24-2025","DISCHARGE MONITORING REPORTS RELATED","DMR 2025 SEP MO PART B (832498)","",".xlsx","13.6 KB","https://prodenv.dep.state.fl.us/DepStaging/api/dms/38.1438308.1"
"FL0980722","NORTH FLORIDA ROCK","5160 Vermont Rd ","MARIANNA","JACKSON","NWD","09-01-2025","10-24-2025","DISCHARGE MONITORING REPORTS RELATED","DMR 2025 SEP MO PART A (832498) D-001 D-002","",".pdf","51.5 KB","https://prodenv.dep.state.fl.us/DepStaging/api/dms/38.1438309.1"
"FL0980722","NORTH FLORIDA ROCK","5160 Vermont Rd ","MARIANNA","JACKSON","NWD","08-01-2025","09-11-2025","DISCHARGE MONITORING REPORTS RELATED","DMR 2025 AUG MO PART B (829727)","",".xlsx","13.2 KB","https://prodenv.dep.state.fl.us/DepStaging/api/dms/38.1429734.1"
"FL0980722","NORTH FLORIDA ROCK","5160 Vermont Rd ","MARIANNA","JACKSON","NWD","08-01-2025","09-11-2025","DISCHARGE MONITORING REPORTS RELATED","DMR 2025 AUG MO PART A (829727) D-001 D-002","",".pdf","51.5 KB","https://prodenv.dep.state.fl.us/DepStaging/api/dms/38.1429735.1"
"FL0980722","NORTH FLORIDA ROCK","5160 Vermont Rd ","MARIANNA","JACKSON","NWD","07-01-2025","08-26-2025","DISCHARGE MONITORING REPORTS RELATED","DMR 2025 JUL MO PART B (825915)","",".xlsx","13.2 KB","https://prodenv.dep.state.fl.us/DepStaging/api/dms/38.1421696.1"
"FL0980722","NORTH FLORIDA ROCK","5160 Vermont Rd ","MARIANNA","JACKSON","NWD","07-01-2025","08-26-2025","DISCHARGE MONITORING REPORTS RELATED","DMR 2025 JUL MO PART A (825915) D-001 D-002","",".pdf","51.5 KB","https://prodenv.dep.state.fl.us/DepStaging/api/dms/38.1421695.1"
"FL0980722","NORTH FLORIDA ROCK","5160 Vermont Rd ","MARIANNA","JACKSON","NWD","06-01-2025","07-21-2025","DISCHARGE MONITORING REPORTS RELATED","DMR 2025 JUN MO PART B (824282)","",".xlsx","13.3 KB","https://prodenv.dep.state.fl.us/DepStaging/api/dms/38.1411438.1"
"FL0980722","NORTH FLORIDA ROCK","5160 Vermont Rd ","MARIANNA","JACKSON","NWD","06-01-2025","07-21-2025","DISCHARGE MONITORING REPORTS RELATED","DMR 2025 JUN MO PART A (824282) D-001 D-002","",".pdf","51.5 KB","https://prodenv.dep.state.fl.us/DepStaging/api/dms/38.1411437.1"
"FL0980722","NORTH FLORIDA ROCK","5160 Vermont Rd ","MARIANNA","JACKSON","NWD","05-01-2025","06-09-2025","DISCHARGE MONITORING REPORTS RELATED","DMR 2025 MAY MO PART B (821460)","",".xlsx","13.0 KB","https://prodenv.dep.state.fl.us/DepStaging/api/dms/38.1403272.1"
"FL0980722","NORTH FLORIDA ROCK","5160 Vermont Rd ","MARIANNA","JACKSON","NWD","05-01-2025","06-09-2025","DISCHARGE MONITORING REPORTS RELATED","DMR 2025 MAY MO PART A (821460) D-001 D-002","",".pdf","51.5 KB","https://prodenv.dep.state.fl.us/DepStaging/api/dms/38.1403273.1"
"FL0980722","NORTH FLORIDA ROCK","5160 Vermont Rd ","MARIANNA","JACKSON","NWD","04-01-2025","05-01-2025","DISCHARGE MONITORING REPORTS RELATED","DMR 2025 APR MO PART B (818196)","",".xlsx","13.0 KB","https://prodenv.dep.state.fl.us/DepStaging/api/dms/38.1394411.1"
"FL0980722","NORTH FLORIDA ROCK","5160 Vermont Rd ","MARIANNA","JACKSON","NWD","04-01-2025","05-01-2025","DISCHARGE MONITORING REPORTS RELATED","DMR 2025 APR MO PART A (818196) D-001 D-002","",".pdf","51.5 KB","https://prodenv.dep.state.fl.us/DepStaging/api/dms/38.1394412.1"
"FL0980722","NORTH FLORIDA ROCK","5160 Vermont Rd ","MARIANNA","JACKSON","NWD","03-01-2025","04-16-2025","DISCHARGE MONITORING REPORTS RELATED","DMR 2025 MAR MO PART B (810772)","",".xlsx","13.1 KB","https://prodenv.dep.state.fl.us/DepStaging/api/dms/38.1385604.1"
"FL0980722","NORTH FLORIDA ROCK","5160 Vermont Rd ","MARIANNA","JACKSON","NWD","03-01-2025","04-16-2025","DISCHARGE MONITORING REPORTS RELATED","DMR 2025 MAR MO PART A (810772) D-001 D-002","",".pdf","52.6 KB","https://prodenv.dep.state.fl.us/DepStaging/api/dms/38.1385605.1"
"FL0980722","NORTH FLORIDA ROCK","5160 Vermont Rd ","MARIANNA","JACKSON","NWD","02-01-2025","03-27-2025","DISCHARGE MONITORING REPORTS RELATED","DMR 2025 FEB MO PART B (807914)","",".xlsx","13.0 KB","https://prodenv.dep.state.fl.us/DepStaging/api/dms/38.1380105.1"
"FL0980722","NORTH FLORIDA ROCK","5160 Vermont Rd ","MARIANNA","JACKSON","NWD","02-01-2025","03-27-2025","DISCHARGE MONITORING REPORTS RELATED","DMR 2025 FEB MO PART A (807914) D-001 D-002","",".pdf","51.5 KB","https://prodenv.dep.state.fl.us/DepStaging/api/dms/38.1380104.1"
"FL0980722","NORTH FLORIDA ROCK","5160 Vermont Rd ","MARIANNA","JACKSON","NWD","01-01-2025","02-26-2025","DISCHARGE MONITORING REPORTS RELATED","DMR 2025 JAN MO PART B (802077)","",".xlsx","13.1 KB","https://prodenv.dep.state.fl.us/DepStaging/api/dms/38.1372081.1"
"FL0980722","NORTH FLORIDA ROCK","5160 Vermont Rd ","MARIANNA","JACKSON","NWD","01-01-2025","02-26-2025","DISCHARGE MONITORING REPORTS RELATED","DMR 2025 JAN MO PART A (802077) D-001 D-002","",".pdf","51.5 KB","https://prodenv.dep.state.fl.us/DepStaging/api/dms/38.1372080.1"
"FL0980722","NORTH FLORIDA ROCK","5160 Vermont Rd ","MARIANNA","JACKSON","NWD","12-01-2024","01-13-2025","DISCHARGE MONITORING REPORTS RELATED","DMR 2024 DEC MO PART B (799793)","",".xlsx","13.1 KB","https://prodenv.dep.state.fl.us/DepStaging/api/dms/38.1358410.1"
"FL0980722","NORTH FLORIDA ROCK","5160 Vermont Rd ","MARIANNA","JACKSON","NWD","12-01-2024","01-13-2025","DISCHARGE MONITORING REPORTS RELATED","DMR 2024 DEC MO PART A (799793) D-001 D-002","",".pdf","51.5 KB","https://prodenv.dep.state.fl.us/DepStaging/api/dms/38.1358409.1"
"FL0980722","NORTH FLORIDA ROCK","5160 Vermont Rd ","MARIANNA","JACKSON","NWD","11-01-2024","12-20-2024","DISCHARGE MONITORING REPORTS RELATED","DMR 2024 NOV MO PART B (797323)","",".xlsx","13.5 KB","https://prodenv.dep.state.fl.us/DepStaging/api/dms/38.1352088.1"
"FL0980722","NORTH FLORIDA ROCK","5160 Vermont Rd ","MARIANNA","JACKSON","NWD","11-01-2024","12-20-2024","DISCHARGE MONITORING REPORTS RELATED","DMR 2024 NOV MO PART A (797323) D-001 D-002","",".pdf","51.5 KB","https://prodenv.dep.state.fl.us/DepStaging/api/dms/38.1352089.1"
"FL0980722","NORTH FLORIDA ROCK","5160 Vermont Rd ","MARIANNA","JACKSON","NWD","10-01-2024","11-20-2024","DISCHARGE MONITORING REPORTS RELATED","DMR 2024 OCT MO PART B (793640)","",".xlsx","13.1 KB","https://prodenv.dep.state.fl.us/DepStaging/api/dms/38.1343369.1"
"FL0980722","NORTH FLORIDA ROCK","5160 Vermont Rd ","MARIANNA","JACKSON","NWD","10-01-2024","11-20-2024","DISCHARGE MONITORING REPORTS RELATED","DMR 2024 OCT MO PART A (793640) D-001 D-002","",".pdf","51.5 KB","https://prodenv.dep.state.fl.us/DepStaging/api/dms/38.1343370.1"
"FL0980722","NORTH FLORIDA ROCK","5160 Vermont Rd ","MARIANNA","JACKSON","NWD","09-30-2024","09-30-2024","INCOMING CORRESPONDENCE","STATUS UPDATE REQUEST FOR IW PERMIT","",".msg","1.4 MB","https://prodenv.dep.state.fl.us/DepStaging/api/dms/38.1332319.1"
"FL0980722","NORTH FLORIDA ROCK","5160 Vermont Rd ","MARIANNA","JACKSON","NWD","09-01-2024","10-20-2024","DISCHARGE MONITORING REPORTS RELATED","DMR 2024 SEP MO PART B (791360)","",".xlsx","13.1 KB","https://prodenv.dep.state.fl.us/DepStaging/api/dms/38.1336862.1"
"FL0980722","NORTH FLORIDA ROCK","5160 Vermont Rd ","MARIANNA","JACKSON","NWD","09-01-2024","10-20-2024","DISCHARGE MONITORING REPORTS RELATED","DMR 2024 SEP MO PART A (791360) D-001 D-002","",".pdf","51.5 KB","https://prodenv.dep.state.fl.us/DepStaging/api/dms/38.1336863.1"
"FL0980722","NORTH FLORIDA ROCK","5160 Vermont Rd ","MARIANNA","JACKSON","NWD","08-01-2024","09-24-2024","DISCHARGE MONITORING REPORTS RELATED","DMR 2024 AUG MO PART B (795833)","",".xlsx","12.9 KB","https://prodenv.dep.state.fl.us/DepStaging/api/dms/38.1333521.1"
"FL0980722","NORTH FLORIDA ROCK","5160 Vermont Rd ","MARIANNA","JACKSON","NWD","08-01-2024","09-24-2024","DISCHARGE MONITORING REPORTS RELATED","DMR 2024 AUG MO PART B (788645)","",".xlsx","12.9 KB","https://prodenv.dep.state.fl.us/DepStaging/api/dms/38.1327327.1"
"FL0980722","NORTH FLORIDA ROCK","5160 Vermont Rd ","MARIANNA","JACKSON","NWD","08-01-2024","09-24-2024","DISCHARGE MONITORING REPORTS RELATED","DMR 2024 AUG MO PART A (788645) D-001 D-002","",".pdf","52.8 KB","https://prodenv.dep.state.fl.us/DepStaging/api/dms/38.1327326.1"
"FL0980722","NORTH FLORIDA ROCK","5160 Vermont Rd ","MARIANNA","JACKSON","NWD","08-01-2024","09-24-2024","DISCHARGE MONITORING REPORTS RELATED","DMR (R) 2024 AUG MO PART A (795833) D-001 D-002","",".pdf","52.9 KB","https://prodenv.dep.state.fl.us/DepStaging/api/dms/38.1333522.1"
"FL0980722","NORTH FLORIDA ROCK","5160 Vermont Rd ","MARIANNA","JACKSON","NWD","07-01-2024","08-20-2024","DISCHARGE MONITORING REPORTS RELATED","DMR 2024 JUL MO PART B (784807)","",".xlsx","13.0 KB","https://prodenv.dep.state.fl.us/DepStaging/api/dms/38.1319623.1"
"FL0980722","NORTH FLORIDA ROCK","5160 Vermont Rd ","MARIANNA","JACKSON","NWD","07-01-2024","08-20-2024","DISCHARGE MONITORING REPORTS RELATED","DMR 2024 JUL MO PART A (784807) D-001 D-002","",".pdf","51.5 KB","https://prodenv.dep.state.fl.us/DepStaging/api/dms/38.1319622.1"
"FL0980722","NORTH FLORIDA ROCK","5160 Vermont Rd ","MARIANNA","JACKSON","NWD","06-28-2024","06-28-2024","INCOMING CORRESPONDENCE","OUTFALL FLOW DATA UPDATE","",".msg","149.0 KB","https://prodenv.dep.state.fl.us/DepStaging/api/dms/38.1304405.1"
"FL0980722","NORTH FLORIDA ROCK","5160 Vermont Rd ","MARIANNA","JACKSON","NWD","06-01-2024","07-25-2024","DISCHARGE MONITORING REPORTS RELATED","DMR 2024 JUN MO PART B (781883)","",".xlsx","13.0 KB","https://prodenv.dep.state.fl.us/DepStaging/api/dms/38.1311608.1"
"FL0980722","NORTH FLORIDA ROCK","5160 Vermont Rd ","MARIANNA","JACKSON","NWD","06-01-2024","07-25-2024","DISCHARGE MONITORING REPORTS RELATED","DMR 2024 JUN MO PART A (781883) D-001 D-002","",".pdf","52.8 KB","https://prodenv.dep.state.fl.us/DepStaging/api/dms/38.1311607.1"
"FL0980722","NORTH FLORIDA ROCK","5160 Vermont Rd ","MARIANNA","JACKSON","NWD","05-08-2024","05-08-2024","INCOMING CORRESPONDENCE","COMPLIANCE INSPECTION RESPONSE PACKAGE","",".pdf","6.6 MB","https://prodenv.dep.state.fl.us/DepStaging/api/dms/38.1290704.1"
"FL0980722","NORTH FLORIDA ROCK","5160 Vermont Rd ","MARIANNA","JACKSON","NWD","05-01-2024","06-25-2024","DISCHARGE MONITORING REPORTS RELATED","DMR 2024 MAY MO PART B (778971)","",".xlsx","13.0 KB","https://prodenv.dep.state.fl.us/DepStaging/api/dms/38.1303933.1"
"FL0980722","NORTH FLORIDA ROCK","5160 Vermont Rd ","MARIANNA","JACKSON","NWD","05-01-2024","06-25-2024","DISCHARGE MONITORING REPORTS RELATED","DMR 2024 MAY MO PART A (778971) D-001 D-002","",".pdf","52.8 KB","https://prodenv.dep.state.fl.us/DepStaging/api/dms/38.1303934.1"
"FL0980722","NORTH FLORIDA ROCK","5160 Vermont Rd ","MARIANNA","JACKSON","NWD","04-24-2024","04-24-2024","INSPECTION RELATED","CAO_NORTH FLORIDA ROCK_FL0980722","",".pdf","5.1 MB","https://prodenv.dep.state.fl.us/DepStaging/api/dms/38.1286223.1"
"FL0980722","NORTH FLORIDA ROCK","5160 Vermont Rd ","MARIANNA","JACKSON","NWD","04-01-2024","05-14-2024","DISCHARGE MONITORING REPORTS RELATED","DMR 2024 APR MO PART B (774875)","",".xlsx","12.7 KB","https://prodenv.dep.state.fl.us/DepStaging/api/dms/38.1291807.1"
"FL0980722","NORTH FLORIDA ROCK","5160 Vermont Rd ","MARIANNA","JACKSON","NWD","04-01-2024","05-14-2024","DISCHARGE MONITORING REPORTS RELATED","DMR 2024 APR MO PART A (774875) D-001 D-002","",".pdf","51.5 KB","https://prodenv.dep.state.fl.us/DepStaging/api/dms/38.1291975.1"
"FL0980722","NORTH FLORIDA ROCK","5160 Vermont Rd ","MARIANNA","JACKSON","NWD","03-01-2024","04-13-2024","DISCHARGE MONITORING REPORTS RELATED","DMR 2024 MAR MO PART B (769614)","",".xlsx","12.9 KB","https://prodenv.dep.state.fl.us/DepStaging/api/dms/38.1283710.1"
"FL0980722","NORTH FLORIDA ROCK","5160 Vermont Rd ","MARIANNA","JACKSON","NWD","03-01-2024","04-13-2024","DISCHARGE MONITORING REPORTS RELATED","DMR 2024 MAR MO PART A (769614) D-001 D-002","",".pdf","51.5 KB","https://prodenv.dep.state.fl.us/DepStaging/api/dms/38.1283711.1"
"FL0980722","NORTH FLORIDA ROCK","5160 Vermont Rd ","MARIANNA","JACKSON","NWD","02-01-2024","03-17-2024","DISCHARGE MONITORING REPORTS RELATED","DMR 2024 FEB MO PART B (757204)","",".xlsx","13.0 KB","https://prodenv.dep.state.fl.us/DepStaging/api/dms/38.1276876.1"
"FL0980722","NORTH FLORIDA ROCK","5160 Vermont Rd ","MARIANNA","JACKSON","NWD","02-01-2024","03-17-2024","DISCHARGE MONITORING REPORTS RELATED","DMR 2024 FEB MO PART A (757204) D-001 D-002","",".pdf","52.4 KB","https://prodenv.dep.state.fl.us/DepStaging/api/dms/38.1276878.1"
"FL0980722","NORTH FLORIDA ROCK","5160 Vermont Rd ","MARIANNA","JACKSON","NWD","01-01-2024","02-13-2024","DISCHARGE MONITORING REPORTS RELATED","DMR 2024 JAN MO PART B (757203)","",".xlsx","13.0 KB","https://prodenv.dep.state.fl.us/DepStaging/api/dms/38.1276882.1"
"FL0980722","NORTH FLORIDA ROCK","5160 Vermont Rd ","MARIANNA","JACKSON","NWD","01-01-2024","02-13-2024","DISCHARGE MONITORING REPORTS RELATED","DMR 2024 JAN MO PART A (757203) D-001 D-002","",".pdf","52.5 KB","https://prodenv.dep.state.fl.us/DepStaging/api/dms/38.1276881.1"
"FL0980722","NORTH FLORIDA ROCK","5160 Vermont Rd ","MARIANNA","JACKSON","NWD","12-01-2023","01-16-2024","DISCHARGE MONITORING REPORTS RELATED","DMR 2023 DEC MO PART B (757202)","",".xlsx","12.9 KB","https://prodenv.dep.state.fl.us/DepStaging/api/dms/38.1276883.1"
"FL0980722","NORTH FLORIDA ROCK","5160 Vermont Rd ","MARIANNA","JACKSON","NWD","12-01-2023","01-16-2024","DISCHARGE MONITORING REPORTS RELATED","DMR 2023 DEC MO PART A (757202) D-001 D-002","",".pdf","52.5 KB","https://prodenv.dep.state.fl.us/DepStaging/api/dms/38.1276884.1"
"FL0980722","NORTH FLORIDA ROCK","5160 Vermont Rd ","MARIANNA","JACKSON","NWD","11-01-2023","12-21-2023","DISCHARGE MONITORING REPORTS RELATED","DMR 2023 NOV MO PART B (755751)","",".xlsx","13.0 KB","https://prodenv.dep.state.fl.us/DepStaging/api/dms/38.1251702.1"
"FL0980722","NORTH FLORIDA ROCK","5160 Vermont Rd ","MARIANNA","JACKSON","NWD","11-01-2023","12-21-2023","DISCHARGE MONITORING REPORTS RELATED","DMR 2023 NOV MO PART A (755751) D-001 D-002","",".pdf","51.5 KB","https://prodenv.dep.state.fl.us/DepStaging/api/dms/38.1251701.1"
"FL0980722","NORTH FLORIDA ROCK","5160 Vermont Rd ","MARIANNA","JACKSON","NWD","10-01-2023","11-20-2023","DISCHARGE MONITORING REPORTS RELATED","DMR 2023 OCT MO PART B (752317)","",".xlsx","13.1 KB","https://prodenv.dep.state.fl.us/DepStaging/api/dms/38.1241762.1"
"FL0980722","NORTH FLORIDA ROCK","5160 Vermont Rd ","MARIANNA","JACKSON","NWD","10-01-2023","11-20-2023","DISCHARGE MONITORING REPORTS RELATED","DMR 2023 OCT MO PART A (752317) D-001 D-002","",".pdf","51.5 KB","https://prodenv.dep.state.fl.us/DepStaging/api/dms/38.1241763.1"
"FL0980722","NORTH FLORIDA ROCK","5160 Vermont Rd ","MARIANNA","JACKSON","NWD","09-01-2023","10-20-2023","DISCHARGE MONITORING REPORTS RELATED","DMR 2023 SEP MO PART B (749859)","",".xlsx","13.0 KB","https://prodenv.dep.state.fl.us/DepStaging/api/dms/38.1234346.1"
"FL0980722","NORTH FLORIDA ROCK","5160 Vermont Rd ","MARIANNA","JACKSON","NWD","09-01-2023","10-20-2023","DISCHARGE MONITORING REPORTS RELATED","DMR 2023 SEP MO PART A (749859) D-001 D-002","",".pdf","52.5 KB","https://prodenv.dep.state.fl.us/DepStaging/api/dms/38.1234345.1"
"FL0980722","NORTH FLORIDA ROCK","5160 Vermont Rd ","MARIANNA","JACKSON","NWD","08-16-2023","08-16-2023","REQUEST FOR ADDITIONAL INFORMATION","002-IW3S REQUEST FOR ADDITIONAL INFORMATION RAI","",".pdf","225.6 KB","https://prodenv.dep.state.fl.us/DepStaging/api/dms/38.1216856.1"
"FL0980722","NORTH FLORIDA ROCK","5160 Vermont Rd ","MARIANNA","JACKSON","NWD","08-01-2023","09-22-2023","DISCHARGE MONITORING REPORTS RELATED","DMR 2023 AUG MO PART B (747540)","",".xlsx","13.0 KB","https://prodenv.dep.state.fl.us/DepStaging/api/dms/38.1226301.1"
"FL0980722","NORTH FLORIDA ROCK","5160 Vermont Rd ","MARIANNA","JACKSON","NWD","08-01-2023","09-22-2023","DISCHARGE MONITORING REPORTS RELATED","DMR 2023 AUG MO PART A (747540) D-001 D-002","",".pdf","51.5 KB","https://prodenv.dep.state.fl.us/DepStaging/api/dms/38.1226300.1"
"FL0980722","NORTH FLORIDA ROCK","5160 Vermont Rd ","MARIANNA","JACKSON","NWD","07-01-2023","08-22-2023","DISCHARGE MONITORING REPORTS RELATED","DMR 2023 JUL MO PART B (743682)","",".xlsx","13.0 KB","https://prodenv.dep.state.fl.us/DepStaging/api/dms/38.1221120.1"
"FL0980722","NORTH FLORIDA ROCK","5160 Vermont Rd ","MARIANNA","JACKSON","NWD","07-01-2023","08-22-2023","DISCHARGE MONITORING REPORTS RELATED","DMR 2023 JUL MO PART A (743682) D-001 D-002","",".pdf","51.5 KB","https://prodenv.dep.state.fl.us/DepStaging/api/dms/38.1221119.1"
"FL0980722","NORTH FLORIDA ROCK","5160 Vermont Rd ","MARIANNA","JACKSON","NWD","06-01-2023","07-20-2023","DISCHARGE MONITORING REPORTS RELATED","DMR 2023 JUN MO PART B (741077)","",".xlsx","13.1 KB","https://prodenv.dep.state.fl.us/DepStaging/api/dms/38.1221127.1"
"FL0980722","NORTH FLORIDA ROCK","5160 Vermont Rd ","MARIANNA","JACKSON","NWD","06-01-2023","07-20-2023","DISCHARGE MONITORING REPORTS RELATED","DMR 2023 JUN MO PART A (741077) D-001 D-002","",".pdf","51.5 KB","https://prodenv.dep.state.fl.us/DepStaging/api/dms/38.1221126.1"
"FL0980722","NORTH FLORIDA ROCK","5160 Vermont Rd ","MARIANNA","JACKSON","NWD","05-01-2023","06-23-2023","DISCHARGE MONITORING REPORTS RELATED","DMR 2023 MAY MO PART B (738237)","",".xlsx","13.2 KB","https://prodenv.dep.state.fl.us/DepStaging/api/dms/38.1202770.1"
"FL0980722","NORTH FLORIDA ROCK","5160 Vermont Rd ","MARIANNA","JACKSON","NWD","05-01-2023","06-23-2023","DISCHARGE MONITORING REPORTS RELATED","DMR 2023 MAY MO PART A (738237) D-001 D-002","",".pdf","51.5 KB","https://prodenv.dep.state.fl.us/DepStaging/api/dms/38.1202771.1"
"FL0980722","NORTH FLORIDA ROCK","5160 Vermont Rd ","MARIANNA","JACKSON","NWD","04-11-2023","04-11-2023","WARNING LETTER","WL RESPONSE NFR CEI 2.21.2023 INSPECTION","",".pdf","259.6 KB","https://prodenv.dep.state.fl.us/DepStaging/api/dms/38.1226760.1"
"FL0980722","NORTH FLORIDA ROCK","5160 Vermont Rd ","MARIANNA","JACKSON","NWD","04-11-2023","04-11-2023","INSPECTION RELATED","WL RESPONSE NFR CEI 2.21.2023 INSPECTION","",".pdf","259.6 KB","https://prodenv.dep.state.fl.us/DepStaging/api/dms/38.1183282.1"
"FL0980722","NORTH FLORIDA ROCK","5160 Vermont Rd ","MARIANNA","JACKSON","NWD","04-03-2023","04-03-2023","MEETING RELATED","NORTH FLORIDA ROCK PERMIT COMPLIANCE MEETING_3.30.2023","",".msg","179.5 KB","https://prodenv.dep.state.fl.us/DepStaging/api/dms/38.1181859.1"
"FL0980722","NORTH FLORIDA ROCK","5160 Vermont Rd ","MARIANNA","JACKSON","NWD","04-01-2023","05-15-2023","DISCHARGE MONITORING REPORTS RELATED","DMR 2023 APR MO PART B (734476)","",".xlsx","13.2 KB","https://prodenv.dep.state.fl.us/DepStaging/api/dms/38.1208883.1"
"FL0980722","NORTH FLORIDA ROCK","5160 Vermont Rd ","MARIANNA","JACKSON","NWD","04-01-2023","05-15-2023","DISCHARGE MONITORING REPORTS RELATED","DMR 2023 APR MO PART A (734476) D-001 D-002","",".pdf","51.5 KB","https://prodenv.dep.state.fl.us/DepStaging/api/dms/38.1208884.1"
"FL0980722","NORTH FLORIDA ROCK","5160 Vermont Rd ","MARIANNA","JACKSON","NWD","03-28-2023","03-28-2023","WARNING LETTER","WL/CEI REPORT NORTH FLORIDA ROCK INSPECTION 2.21.2023","","","SUPP","https://prodenv.dep.state.fl.us/DepStaging/api/dms/38.1180620.1"
"FL0980722","NORTH FLORIDA ROCK","5160 Vermont Rd ","MARIANNA","JACKSON","NWD","03-28-2023","03-28-2023","INSPECTION RELATED","WL/CEI REPORT NORTH FLORIDA ROCK INSPECTION 2.21.2023","",".pdf","2.7 MB","https://prodenv.dep.state.fl.us/DepStaging/api/dms/38.1180620.1"
"FL0980722","NORTH FLORIDA ROCK","5160 Vermont Rd ","MARIANNA","JACKSON","NWD","03-01-2023","04-24-2023","DISCHARGE MONITORING REPORTS RELATED","DMR 2023 MAR MO PART B (728395)","",".xlsx","13.1 KB","https://prodenv.dep.state.fl.us/DepStaging/api/dms/38.1186838.1"
"FL0980722","NORTH FLORIDA ROCK","5160 Vermont Rd ","MARIANNA","JACKSON","NWD","03-01-2023","04-24-2023","DISCHARGE MONITORING REPORTS RELATED","DMR 2023 MAR MO PART A (728395) D-001 D-002","",".pdf","52.7 KB","https://prodenv.dep.state.fl.us/DepStaging/api/dms/38.1186837.1"
"FL0980722","NORTH FLORIDA ROCK","5160 Vermont Rd ","MARIANNA","JACKSON","NWD","02-01-2023","03-23-2023","DISCHARGE MONITORING REPORTS RELATED","DMR 2023 FEB MO PART B (725663)","",".xlsx","13.2 KB","https://prodenv.dep.state.fl.us/DepStaging/api/dms/38.1179844.1"
"FL0980722","NORTH FLORIDA ROCK","5160 Vermont Rd ","MARIANNA","JACKSON","NWD","02-01-2023","03-23-2023","DISCHARGE MONITORING REPORTS RELATED","DMR 2023 FEB MO PART A (725663) D-001 D-002","",".pdf","51.8 KB","https://prodenv.dep.state.fl.us/DepStaging/api/dms/38.1179845.1"
"FL0980722","NORTH FLORIDA ROCK","5160 Vermont Rd ","MARIANNA","JACKSON","NWD","01-01-2023","02-09-2023","DISCHARGE MONITORING REPORTS RELATED","DMR 2023 JAN MO PART B (736848)","",".xlsx","13.3 KB","https://prodenv.dep.state.fl.us/DepStaging/api/dms/38.1183212.1"
"FL0980722","NORTH FLORIDA ROCK","5160 Vermont Rd ","MARIANNA","JACKSON","NWD","01-01-2023","02-09-2023","DISCHARGE MONITORING REPORTS RELATED","DMR 2023 JAN MO PART B (720124)","",".xlsx","13.3 KB","https://prodenv.dep.state.fl.us/DepStaging/api/dms/38.1170185.1"
"FL0980722","NORTH FLORIDA ROCK","5160 Vermont Rd ","MARIANNA","JACKSON","NWD","01-01-2023","02-09-2023","DISCHARGE MONITORING REPORTS RELATED","DMR 2023 JAN MO PART A (720124) D-001 D-002","",".pdf","53.0 KB","https://prodenv.dep.state.fl.us/DepStaging/api/dms/38.1170186.1"
"FL0980722","NORTH FLORIDA ROCK","5160 Vermont Rd ","MARIANNA","JACKSON","NWD","01-01-2023","02-09-2023","DISCHARGE MONITORING REPORTS RELATED","DMR (R) 2023 JAN MO PART A (736848) D-001 D-002","",".pdf","51.8 KB","https://prodenv.dep.state.fl.us/DepStaging/api/dms/38.1183213.1"
"FL0980722","NORTH FLORIDA ROCK","5160 Vermont Rd ","MARIANNA","JACKSON","NWD","12-01-2022","01-10-2023","DISCHARGE MONITORING REPORTS RELATED","DMR 2022 DEC MO PART B (736847)","",".xlsx","13.3 KB","https://prodenv.dep.state.fl.us/DepStaging/api/dms/38.1183210.1"
"FL0980722","NORTH FLORIDA ROCK","5160 Vermont Rd ","MARIANNA","JACKSON","NWD","12-01-2022","01-10-2023","DISCHARGE MONITORING REPORTS RELATED","DMR 2022 DEC MO PART B (717402)","",".xlsx","13.3 KB","https://prodenv.dep.state.fl.us/DepStaging/api/dms/38.1156283.1"
"FL0980722","NORTH FLORIDA ROCK","5160 Vermont Rd ","MARIANNA","JACKSON","NWD","12-01-2022","01-10-2023","DISCHARGE MONITORING REPORTS RELATED","DMR 2022 DEC MO PART A (717402) D-001 D-002","",".pdf","54.0 KB","https://prodenv.dep.state.fl.us/DepStaging/api/dms/38.1156284.1"
"FL0980722","NORTH FLORIDA ROCK","5160 Vermont Rd ","MARIANNA","JACKSON","NWD","12-01-2022","01-10-2023","DISCHARGE MONITORING REPORTS RELATED","DMR (R) 2022 DEC MO PART A (736847) D-001 D-002","",".pdf","51.8 KB","https://prodenv.dep.state.fl.us/DepStaging/api/dms/38.1183211.1"
"FL0980722","NORTH FLORIDA ROCK","5160 Vermont Rd ","MARIANNA","JACKSON","NWD","11-01-2022","12-08-2022","DISCHARGE MONITORING REPORTS RELATED","DMR 2022 NOV MO PART B (736846)","",".xlsx","13.2 KB","https://prodenv.dep.state.fl.us/DepStaging/api/dms/38.1183208.1"
"FL0980722","NORTH FLORIDA ROCK","5160 Vermont Rd ","MARIANNA","JACKSON","NWD","11-01-2022","12-08-2022","DISCHARGE MONITORING REPORTS RELATED","DMR 2022 NOV MO PART B (714838)","",".xlsx","13.2 KB","https://prodenv.dep.state.fl.us/DepStaging/api/dms/38.1147350.1"
"FL0980722","NORTH FLORIDA ROCK","5160 Vermont Rd ","MARIANNA","JACKSON","NWD","11-01-2022","12-08-2022","DISCHARGE MONITORING REPORTS RELATED","DMR 2022 NOV MO PART A (714838) D-001 D-002","",".pdf","54.0 KB","https://prodenv.dep.state.fl.us/DepStaging/api/dms/38.1147351.1"
"FL0980722","NORTH FLORIDA ROCK","5160 Vermont Rd ","MARIANNA","JACKSON","NWD","11-01-2022","12-08-2022","DISCHARGE MONITORING REPORTS RELATED","DMR (R) 2022 NOV MO PART A (736846) D-001 D-002","",".pdf","51.8 KB","https://prodenv.dep.state.fl.us/DepStaging/api/dms/38.1183209.1"
"FL0980722","NORTH FLORIDA ROCK","5160 Vermont Rd ","MARIANNA","JACKSON","NWD","10-01-2022","11-21-2022","DISCHARGE MONITORING REPORTS RELATED","DMR 2022 OCT MO PART B (736845)","",".xlsx","13.1 KB","https://prodenv.dep.state.fl.us/DepStaging/api/dms/38.1183201.1"
"FL0980722","NORTH FLORIDA ROCK","5160 Vermont Rd ","MARIANNA","JACKSON","NWD","10-01-2022","11-21-2022","DISCHARGE MONITORING REPORTS RELATED","DMR 2022 OCT MO PART B (711448)","",".xlsx","13.1 KB","https://prodenv.dep.state.fl.us/DepStaging/api/dms/38.1142835.1"
"FL0980722","NORTH FLORIDA ROCK","5160 Vermont Rd ","MARIANNA","JACKSON","NWD","10-01-2022","11-21-2022","DISCHARGE MONITORING REPORTS RELATED","DMR 2022 OCT MO PART A (711448) D-001 D-002","",".pdf","53.0 KB","https://prodenv.dep.state.fl.us/DepStaging/api/dms/38.1142836.1"
"FL0980722","NORTH FLORIDA ROCK","5160 Vermont Rd ","MARIANNA","JACKSON","NWD","10-01-2022","11-21-2022","DISCHARGE MONITORING REPORTS RELATED","DMR (R) 2022 OCT MO PART A (736845) D-001 D-002","",".pdf","51.8 KB","https://prodenv.dep.state.fl.us/DepStaging/api/dms/38.1183200.1"
"FL0980722","NORTH FLORIDA ROCK","5160 Vermont Rd ","MARIANNA","JACKSON","NWD","09-01-2022","10-24-2022","DISCHARGE MONITORING REPORTS RELATED","DMR 2022 SEP MO PART B (736956)","",".xlsx","13.2 KB","https://prodenv.dep.state.fl.us/DepStaging/api/dms/38.1183245.1"
"FL0980722","NORTH FLORIDA ROCK","5160 Vermont Rd ","MARIANNA","JACKSON","NWD","09-01-2022","10-24-2022","DISCHARGE MONITORING REPORTS RELATED","DMR 2022 SEP MO PART B (708981)","",".xlsx","13.2 KB","https://prodenv.dep.state.fl.us/DepStaging/api/dms/38.1135822.1"
"FL0980722","NORTH FLORIDA ROCK","5160 Vermont Rd ","MARIANNA","JACKSON","NWD","09-01-2022","10-24-2022","DISCHARGE MONITORING REPORTS RELATED","DMR 2022 SEP MO PART A (708981) D-001 D-002","",".pdf","54.2 KB","https://prodenv.dep.state.fl.us/DepStaging/api/dms/38.1135821.1"
"FL0980722","NORTH FLORIDA ROCK","5160 Vermont Rd ","MARIANNA","JACKSON","NWD","09-01-2022","10-24-2022","DISCHARGE MONITORING REPORTS RELATED","DMR (R) 2022 SEP MO PART A (736956) D-001 D-002","",".pdf","52.7 KB","https://prodenv.dep.state.fl.us/DepStaging/api/dms/38.1183246.1"
"FL0980722","NORTH FLORIDA ROCK","5160 Vermont Rd ","MARIANNA","JACKSON","NWD","08-01-2022","09-19-2022","DISCHARGE MONITORING REPORTS RELATED","DMR 2022 AUG MO PART B (736844)","",".xlsx","13.2 KB","https://prodenv.dep.state.fl.us/DepStaging/api/dms/38.1183199.1"
"FL0980722","NORTH FLORIDA ROCK","5160 Vermont Rd ","MARIANNA","JACKSON","NWD","08-01-2022","09-19-2022","DISCHARGE MONITORING REPORTS RELATED","DMR 2022 AUG MO PART B (706152)","",".xlsx","13.2 KB","https://prodenv.dep.state.fl.us/DepStaging/api/dms/38.1126709.1"
"FL0980722","NORTH FLORIDA ROCK","5160 Vermont Rd ","MARIANNA","JACKSON","NWD","08-01-2022","09-19-2022","DISCHARGE MONITORING REPORTS RELATED","DMR 2022 AUG MO PART A (706152) D-001 D-002","",".pdf","53.9 KB","https://prodenv.dep.state.fl.us/DepStaging/api/dms/38.1126708.1"
"FL0980722","NORTH FLORIDA ROCK","5160 Vermont Rd ","MARIANNA","JACKSON","NWD","08-01-2022","09-19-2022","DISCHARGE MONITORING REPORTS RELATED","DMR (R) 2022 AUG MO PART A (736844) D-001 D-002","",".pdf","52.7 KB","https://prodenv.dep.state.fl.us/DepStaging/api/dms/38.1183198.1"
"FL0980722","NORTH FLORIDA ROCK","5160 Vermont Rd ","MARIANNA","JACKSON","NWD","07-01-2022","08-17-2022","DISCHARGE MONITORING REPORTS RELATED","DMR 2022 JUL MO PART B (736843)","",".xlsx","13.0 KB","https://prodenv.dep.state.fl.us/DepStaging/api/dms/38.1183242.1"
"FL0980722","NORTH FLORIDA ROCK","5160 Vermont Rd ","MARIANNA","JACKSON","NWD","07-01-2022","08-17-2022","DISCHARGE MONITORING REPORTS RELATED","DMR 2022 JUL MO PART B (695745)","",".xlsx","13.0 KB","https://prodenv.dep.state.fl.us/DepStaging/api/dms/38.1118237.1"
"FL0980722","NORTH FLORIDA ROCK","5160 Vermont Rd ","MARIANNA","JACKSON","NWD","07-01-2022","08-17-2022","DISCHARGE MONITORING REPORTS RELATED","DMR 2022 JUL MO PART A (695745) D-001 D-002","",".pdf","53.9 KB","https://prodenv.dep.state.fl.us/DepStaging/api/dms/38.1118238.1"
"FL0980722","NORTH FLORIDA ROCK","5160 Vermont Rd ","MARIANNA","JACKSON","NWD","07-01-2022","08-17-2022","DISCHARGE MONITORING REPORTS RELATED","DMR (R) 2022 JUL MO PART A (736843) D-001 D-002","",".pdf","52.7 KB","https://prodenv.dep.state.fl.us/DepStaging/api/dms/38.1183243.1"
"FL0980722","NORTH FLORIDA ROCK","5160 Vermont Rd ","MARIANNA","JACKSON","NWD","06-01-2022","07-12-2022","DISCHARGE MONITORING REPORTS RELATED","DMR 2022 JUN MO PART B (736842)","",".xlsx","13.1 KB","https://prodenv.dep.state.fl.us/DepStaging/api/dms/38.1183240.1"
"FL0980722","NORTH FLORIDA ROCK","5160 Vermont Rd ","MARIANNA","JACKSON","NWD","06-01-2022","07-12-2022","DISCHARGE MONITORING REPORTS RELATED","DMR 2022 JUN MO PART B (695744)","",".xlsx","13.1 KB","https://prodenv.dep.state.fl.us/DepStaging/api/dms/38.1107641.1"
"FL0980722","NORTH FLORIDA ROCK","5160 Vermont Rd ","MARIANNA","JACKSON","NWD","06-01-2022","07-12-2022","DISCHARGE MONITORING REPORTS RELATED","DMR 2022 JUN MO PART A (695744) D-001 D-002","",".pdf","54.1 KB","https://prodenv.dep.state.fl.us/DepStaging/api/dms/38.1107640.1"
"FL0980722","NORTH FLORIDA ROCK","5160 Vermont Rd ","MARIANNA","JACKSON","NWD","06-01-2022","07-12-2022","DISCHARGE MONITORING REPORTS RELATED","DMR (R) 2022 JUN MO PART A (736842) D-001 D-002","",".pdf","52.9 KB","https://prodenv.dep.state.fl.us/DepStaging/api/dms/38.1183241.1"
"FL0980722","NORTH FLORIDA ROCK","5160 Vermont Rd ","MARIANNA","JACKSON","NWD","05-01-2022","06-28-2022","DISCHARGE MONITORING REPORTS RELATED","DMR 2022 MAY MO PART B (736841)","",".xlsx","13.1 KB","https://prodenv.dep.state.fl.us/DepStaging/api/dms/38.1183236.1"
"FL0980722","NORTH FLORIDA ROCK","5160 Vermont Rd ","MARIANNA","JACKSON","NWD","05-01-2022","06-28-2022","DISCHARGE MONITORING REPORTS RELATED","DMR 2022 MAY MO PART B (695743)","",".xlsx","13.1 KB","https://prodenv.dep.state.fl.us/DepStaging/api/dms/38.1104174.1"
"FL0980722","NORTH FLORIDA ROCK","5160 Vermont Rd ","MARIANNA","JACKSON","NWD","05-01-2022","06-28-2022","DISCHARGE MONITORING REPORTS RELATED","DMR 2022 MAY MO PART A (695743) D-001 D-002","",".pdf","54.1 KB","https://prodenv.dep.state.fl.us/DepStaging/api/dms/38.1104175.1"
"FL0980722","NORTH FLORIDA ROCK","5160 Vermont Rd ","MARIANNA","JACKSON","NWD","05-01-2022","06-28-2022","DISCHARGE MONITORING REPORTS RELATED","DMR (R) 2022 MAY MO PART A (736841) D-001 D-002","",".pdf","52.9 KB","https://prodenv.dep.state.fl.us/DepStaging/api/dms/38.1183237.1"
"FL0980722","NORTH FLORIDA ROCK","5160 Vermont Rd ","MARIANNA","JACKSON","NWD","04-01-2022","05-25-2022","DISCHARGE MONITORING REPORTS RELATED","DMR 2022 APR MO PART B (736911)","",".xlsx","12.6 KB","https://prodenv.dep.state.fl.us/DepStaging/api/dms/38.1183234.1"
"FL0980722","NORTH FLORIDA ROCK","5160 Vermont Rd ","MARIANNA","JACKSON","NWD","04-01-2022","05-25-2022","DISCHARGE MONITORING REPORTS RELATED","DMR 2022 APR MO PART B (693088)","",".xlsx","12.6 KB","https://prodenv.dep.state.fl.us/DepStaging/api/dms/38.1095717.1"
"FL0980722","NORTH FLORIDA ROCK","5160 Vermont Rd ","MARIANNA","JACKSON","NWD","04-01-2022","05-25-2022","DISCHARGE MONITORING REPORTS RELATED","DMR 2022 APR MO PART A (693088) D-001 D-002","",".pdf","54.2 KB","https://prodenv.dep.state.fl.us/DepStaging/api/dms/38.1095718.1"
"FL0980722","NORTH FLORIDA ROCK","5160 Vermont Rd ","MARIANNA","JACKSON","NWD","04-01-2022","05-25-2022","DISCHARGE MONITORING REPORTS RELATED","DMR (R) 2022 APR MO PART A (736911) D-001 D-002","",".pdf","53.0 KB","https://prodenv.dep.state.fl.us/DepStaging/api/dms/38.1183235.1"
"FL0980722","NORTH FLORIDA ROCK","5160 Vermont Rd ","MARIANNA","JACKSON","NWD","03-01-2022","04-27-2022","DISCHARGE MONITORING REPORTS RELATED","DMR 2022 MAR MO PART B (736840)","",".xlsx","12.6 KB","https://prodenv.dep.state.fl.us/DepStaging/api/dms/38.1183053.1"
"FL0980722","NORTH FLORIDA ROCK","5160 Vermont Rd ","MARIANNA","JACKSON","NWD","03-01-2022","04-27-2022","DISCHARGE MONITORING REPORTS RELATED","DMR 2022 MAR MO PART B (689024)","",".xlsx","12.6 KB","https://prodenv.dep.state.fl.us/DepStaging/api/dms/38.1087641.1"
"FL0980722","NORTH FLORIDA ROCK","5160 Vermont Rd ","MARIANNA","JACKSON","NWD","03-01-2022","04-27-2022","DISCHARGE MONITORING REPORTS RELATED","DMR 2022 MAR MO PART A (689024) D-001 D-002","",".pdf","54.4 KB","https://prodenv.dep.state.fl.us/DepStaging/api/dms/38.1087642.1"
"FL0980722","NORTH FLORIDA ROCK","5160 Vermont Rd ","MARIANNA","JACKSON","NWD","03-01-2022","04-27-2022","DISCHARGE MONITORING REPORTS RELATED","DMR (R) 2022 MAR MO PART A (736840) D-001 D-002","",".pdf","53.1 KB","https://prodenv.dep.state.fl.us/DepStaging/api/dms/38.1183052.1"
"FL0980722","NORTH FLORIDA ROCK","5160 Vermont Rd ","MARIANNA","JACKSON","NWD","02-01-2022","04-05-2022","DISCHARGE MONITORING REPORTS RELATED","DMR 2022 FEB MO PART B (736838)","",".xlsx","12.6 KB","https://prodenv.dep.state.fl.us/DepStaging/api/dms/38.1183050.1"
"FL0980722","NORTH FLORIDA ROCK","5160 Vermont Rd ","MARIANNA","JACKSON","NWD","02-01-2022","04-05-2022","DISCHARGE MONITORING REPORTS RELATED","DMR 2022 FEB MO PART B (685667)","",".xlsx","12.6 KB","https://prodenv.dep.state.fl.us/DepStaging/api/dms/38.1080982.1"
"FL0980722","NORTH FLORIDA ROCK","5160 Vermont Rd ","MARIANNA","JACKSON","NWD","02-01-2022","04-05-2022","DISCHARGE MONITORING REPORTS RELATED","DMR 2022 FEB MO PART A (685667) D-001 D-002","",".pdf","54.2 KB","https://prodenv.dep.state.fl.us/DepStaging/api/dms/38.1080983.1"
"FL0980722","NORTH FLORIDA ROCK","5160 Vermont Rd ","MARIANNA","JACKSON","NWD","02-01-2022","04-05-2022","DISCHARGE MONITORING REPORTS RELATED","DMR (R) 2022 FEB MO PART A (736838) D-001 D-002","",".pdf","52.7 KB","https://prodenv.dep.state.fl.us/DepStaging/api/dms/38.1183049.1"
"FL0980722","NORTH FLORIDA ROCK","5160 Vermont Rd ","MARIANNA","JACKSON","NWD","01-01-2022","02-07-2022","DISCHARGE MONITORING REPORTS RELATED","DMR 2022 JAN MO PART B (736839)","",".xlsx","12.7 KB","https://prodenv.dep.state.fl.us/DepStaging/api/dms/38.1183047.1"
"FL0980722","NORTH FLORIDA ROCK","5160 Vermont Rd ","MARIANNA","JACKSON","NWD","01-01-2022","02-07-2022","DISCHARGE MONITORING REPORTS RELATED","DMR 2022 JAN MO PART B (680139)","",".xlsx","12.7 KB","https://prodenv.dep.state.fl.us/DepStaging/api/dms/38.1080986.1"
"FL0980722","NORTH FLORIDA ROCK","5160 Vermont Rd ","MARIANNA","JACKSON","NWD","01-01-2022","02-07-2022","DISCHARGE MONITORING REPORTS RELATED","DMR 2022 JAN MO PART A (680139) D-001 D-002","",".pdf","54.3 KB","https://prodenv.dep.state.fl.us/DepStaging/api/dms/38.1080987.1"
"FL0980722","NORTH FLORIDA ROCK","5160 Vermont Rd ","MARIANNA","JACKSON","NWD","01-01-2022","02-07-2022","DISCHARGE MONITORING REPORTS RELATED","DMR (R) 2022 JAN MO PART A (736839) D-001 D-002","",".pdf","52.7 KB","https://prodenv.dep.state.fl.us/DepStaging/api/dms/38.1183046.1"
"FL0980722","NORTH FLORIDA ROCK","5160 Vermont Rd ","MARIANNA","JACKSON","NWD","12-01-2021","01-20-2022","DISCHARGE MONITORING REPORTS RELATED","DMR 2021 DEC MO PART B (736837)","",".xlsx","13.3 KB","https://prodenv.dep.state.fl.us/DepStaging/api/dms/38.1183030.1"
"FL0980722","NORTH FLORIDA ROCK","5160 Vermont Rd ","MARIANNA","JACKSON","NWD","12-01-2021","01-20-2022","DISCHARGE MONITORING REPORTS RELATED","DMR 2021 DEC MO PART B (677408)","",".xlsx","13.3 KB","https://prodenv.dep.state.fl.us/DepStaging/api/dms/38.1062755.1"
"FL0980722","NORTH FLORIDA ROCK","5160 Vermont Rd ","MARIANNA","JACKSON","NWD","12-01-2021","01-20-2022","DISCHARGE MONITORING REPORTS RELATED","DMR 2021 DEC MO PART A (677408) D-001 D-002","",".pdf","54.1 KB","https://prodenv.dep.state.fl.us/DepStaging/api/dms/38.1062756.1"
"FL0980722","NORTH FLORIDA ROCK","5160 Vermont Rd ","MARIANNA","JACKSON","NWD","12-01-2021","01-20-2022","DISCHARGE MONITORING REPORTS RELATED","DMR (R) 2021 DEC MO PART A (736837) D-001 D-002","",".pdf","52.7 KB","https://prodenv.dep.state.fl.us/DepStaging/api/dms/38.1183031.1"
"FL0980722","NORTH FLORIDA ROCK","5160 Vermont Rd ","MARIANNA","JACKSON","NWD","11-01-2021","12-13-2021","DISCHARGE MONITORING REPORTS RELATED","DMR 2021 NOV MO PART B (736836)","",".xlsx","12.7 KB","https://prodenv.dep.state.fl.us/DepStaging/api/dms/38.1183024.1"
"FL0980722","NORTH FLORIDA ROCK","5160 Vermont Rd ","MARIANNA","JACKSON","NWD","11-01-2021","12-13-2021","DISCHARGE MONITORING REPORTS RELATED","DMR 2021 NOV MO PART B (674962)","",".xlsx","12.7 KB","https://prodenv.dep.state.fl.us/DepStaging/api/dms/38.1049657.1"
"FL0980722","NORTH FLORIDA ROCK","5160 Vermont Rd ","MARIANNA","JACKSON","NWD","11-01-2021","12-13-2021","DISCHARGE MONITORING REPORTS RELATED","DMR 2021 NOV MO PART A (674962) D-001 D-002","",".pdf","54.2 KB","https://prodenv.dep.state.fl.us/DepStaging/api/dms/38.1049658.1"
"FL0980722","NORTH FLORIDA ROCK","5160 Vermont Rd ","MARIANNA","JACKSON","NWD","11-01-2021","12-13-2021","DISCHARGE MONITORING REPORTS RELATED","DMR (R) 2021 NOV MO PART A (736836) D-001 D-002","",".pdf","52.7 KB","https://prodenv.dep.state.fl.us/DepStaging/api/dms/38.1183023.1"
"FL0980722","NORTH FLORIDA ROCK","5160 Vermont Rd ","MARIANNA","JACKSON","NWD","10-01-2021","11-15-2021","DISCHARGE MONITORING REPORTS RELATED","DMR 2021 OCT MO PART B (736835)","",".xlsx","13.0 KB","https://prodenv.dep.state.fl.us/DepStaging/api/dms/38.1183022.1"
"FL0980722","NORTH FLORIDA ROCK","5160 Vermont Rd ","MARIANNA","JACKSON","NWD","10-01-2021","11-15-2021","DISCHARGE MONITORING REPORTS RELATED","DMR 2021 OCT MO PART B (671383)","",".xlsx","13.0 KB","https://prodenv.dep.state.fl.us/DepStaging/api/dms/38.1039320.1"
"FL0980722","NORTH FLORIDA ROCK","5160 Vermont Rd ","MARIANNA","JACKSON","NWD","10-01-2021","11-15-2021","DISCHARGE MONITORING REPORTS RELATED","DMR 2021 OCT MO PART A (671383) D-001 D-002","",".pdf","54.1 KB","https://prodenv.dep.state.fl.us/DepStaging/api/dms/38.1039321.1"
"FL0980722","NORTH FLORIDA ROCK","5160 Vermont Rd ","MARIANNA","JACKSON","NWD","10-01-2021","11-15-2021","DISCHARGE MONITORING REPORTS RELATED","DMR (R) 2021 OCT MO PART A (736835) D-001 D-002","",".pdf","52.8 KB","https://prodenv.dep.state.fl.us/DepStaging/api/dms/38.1183021.1"
"FL0980722","NORTH FLORIDA ROCK","5160 Vermont Rd ","MARIANNA","JACKSON","NWD","09-01-2021","10-18-2021","DISCHARGE MONITORING REPORTS RELATED","DMR 2021 SEP MO PART B (736834)","",".xlsx","12.7 KB","https://prodenv.dep.state.fl.us/DepStaging/api/dms/38.1183010.1"
"FL0980722","NORTH FLORIDA ROCK","5160 Vermont Rd ","MARIANNA","JACKSON","NWD","09-01-2021","10-18-2021","DISCHARGE MONITORING REPORTS RELATED","DMR 2021 SEP MO PART B (668448)","",".xlsx","12.7 KB","https://prodenv.dep.state.fl.us/DepStaging/api/dms/38.1030638.1"
"FL0980722","NORTH FLORIDA ROCK","5160 Vermont Rd ","MARIANNA","JACKSON","NWD","09-01-2021","10-18-2021","DISCHARGE MONITORING REPORTS RELATED","DMR 2021 SEP MO PART A (668448) D-001 D-002","",".pdf","54.2 KB","https://prodenv.dep.state.fl.us/DepStaging/api/dms/38.1030639.1"
"FL0980722","NORTH FLORIDA ROCK","5160 Vermont Rd ","MARIANNA","JACKSON","NWD","09-01-2021","10-18-2021","DISCHARGE MONITORING REPORTS RELATED","DMR (R) 2021 SEP MO PART A (736834) D-001 D-002","",".pdf","51.8 KB","https://prodenv.dep.state.fl.us/DepStaging/api/dms/38.1183009.1"
"FL0980722","NORTH FLORIDA ROCK","5160 Vermont Rd ","MARIANNA","JACKSON","NWD","08-01-2021","09-10-2021","DISCHARGE MONITORING REPORTS RELATED","DMR 2021 AUG MO PART B (736833)","",".xlsx","12.5 KB","https://prodenv.dep.state.fl.us/DepStaging/api/dms/38.1183008.1"
"FL0980722","NORTH FLORIDA ROCK","5160 Vermont Rd ","MARIANNA","JACKSON","NWD","08-01-2021","09-10-2021","DISCHARGE MONITORING REPORTS RELATED","DMR 2021 AUG MO PART B (665882)","",".xlsx","12.5 KB","https://prodenv.dep.state.fl.us/DepStaging/api/dms/38.1021316.1"
"FL0980722","NORTH FLORIDA ROCK","5160 Vermont Rd ","MARIANNA","JACKSON","NWD","08-01-2021","09-10-2021","DISCHARGE MONITORING REPORTS RELATED","DMR 2021 AUG MO PART A (665882) D-001 D-002","",".pdf","53.0 KB","https://prodenv.dep.state.fl.us/DepStaging/api/dms/38.1021317.1"
"FL0980722","NORTH FLORIDA ROCK","5160 Vermont Rd ","MARIANNA","JACKSON","NWD","08-01-2021","09-10-2021","DISCHARGE MONITORING REPORTS RELATED","DMR (R) 2021 AUG MO PART A (736833) D-001 D-002","",".pdf","51.8 KB","https://prodenv.dep.state.fl.us/DepStaging/api/dms/38.1183007.1"
"FL0980722","NORTH FLORIDA ROCK","5160 Vermont Rd ","MARIANNA","JACKSON","NWD","07-28-2021","07-28-2021","NONCOMPLIANCE RELATED","PHONE CALL MISSING DMRS","",".pdf","69.3 KB","https://prodenv.dep.state.fl.us/DepStaging/api/dms/38.1018964.1"
"FL0980722","NORTH FLORIDA ROCK","5160 Vermont Rd ","MARIANNA","JACKSON","NWD","07-01-2021","08-10-2021","DISCHARGE MONITORING REPORTS RELATED","DMR 2021 JUL MO PART B (736832)","",".xlsx","12.7 KB","https://prodenv.dep.state.fl.us/DepStaging/api/dms/38.1183000.1"
"FL0980722","NORTH FLORIDA ROCK","5160 Vermont Rd ","MARIANNA","JACKSON","NWD","07-01-2021","08-10-2021","DISCHARGE MONITORING REPORTS RELATED","DMR 2021 JUL MO PART B (661760)","",".xlsx","12.7 KB","https://prodenv.dep.state.fl.us/DepStaging/api/dms/38.1016468.1"
"FL0980722","NORTH FLORIDA ROCK","5160 Vermont Rd ","MARIANNA","JACKSON","NWD","07-01-2021","08-10-2021","DISCHARGE MONITORING REPORTS RELATED","DMR 2021 JUL MO PART A (661760) D-001 D-002","",".pdf","54.3 KB","https://prodenv.dep.state.fl.us/DepStaging/api/dms/38.1016467.1"
"FL0980722","NORTH FLORIDA ROCK","5160 Vermont Rd ","MARIANNA","JACKSON","NWD","07-01-2021","08-10-2021","DISCHARGE MONITORING REPORTS RELATED","DMR (R) 2021 JUL MO PART A (736832) D-001 D-002","",".pdf","51.8 KB","https://prodenv.dep.state.fl.us/DepStaging/api/dms/38.1182999.1"
"FL0980722","NORTH FLORIDA ROCK","5160 Vermont Rd ","MARIANNA","JACKSON","NWD","06-01-2021","07-20-2021","DISCHARGE MONITORING REPORTS RELATED","DMR 2021 JUN MO PART B (736830)","",".xlsx","12.6 KB","https://prodenv.dep.state.fl.us/DepStaging/api/dms/38.1182998.1"
"FL0980722","NORTH FLORIDA ROCK","5160 Vermont Rd ","MARIANNA","JACKSON","NWD","06-01-2021","07-20-2021","DISCHARGE MONITORING REPORTS RELATED","DMR 2021 JUN MO PART B (659127)","",".xlsx","12.6 KB","https://prodenv.dep.state.fl.us/DepStaging/api/dms/38.1010152.1"
"FL0980722","NORTH FLORIDA ROCK","5160 Vermont Rd ","MARIANNA","JACKSON","NWD","06-01-2021","07-20-2021","DISCHARGE MONITORING REPORTS RELATED","DMR 2021 JUN MO PART A (659127) D-001 D-002","",".pdf","53.0 KB","https://prodenv.dep.state.fl.us/DepStaging/api/dms/38.1010151.1"
"FL0980722","NORTH FLORIDA ROCK","5160 Vermont Rd ","MARIANNA","JACKSON","NWD","06-01-2021","07-20-2021","DISCHARGE MONITORING REPORTS RELATED","DMR (R) 2021 JUN MO PART A (736830) D-001 D-002","",".pdf","52.8 KB","https://prodenv.dep.state.fl.us/DepStaging/api/dms/38.1182997.1"
"FL0980722","NORTH FLORIDA ROCK","5160 Vermont Rd ","MARIANNA","JACKSON","NWD","05-01-2021","06-10-2021","DISCHARGE MONITORING REPORTS RELATED","DMR 2021 MAY MO PART B (736831)","",".xlsx","11.6 KB","https://prodenv.dep.state.fl.us/DepStaging/api/dms/38.1182992.1"
"FL0980722","NORTH FLORIDA ROCK","5160 Vermont Rd ","MARIANNA","JACKSON","NWD","05-01-2021","06-10-2021","DISCHARGE MONITORING REPORTS RELATED","DMR 2021 MAY MO PART B (656647)","",".xlsx","11.6 KB","https://prodenv.dep.state.fl.us/DepStaging/api/dms/38.1014762.1"
"FL0980722","NORTH FLORIDA ROCK","5160 Vermont Rd ","MARIANNA","JACKSON","NWD","05-01-2021","06-10-2021","DISCHARGE MONITORING REPORTS RELATED","DMR 2021 MAY MO PART A (656647) D-001 D-002","",".pdf","53.0 KB","https://prodenv.dep.state.fl.us/DepStaging/api/dms/38.1014763.1"
"FL0980722","NORTH FLORIDA ROCK","5160 Vermont Rd ","MARIANNA","JACKSON","NWD","05-01-2021","06-10-2021","DISCHARGE MONITORING REPORTS RELATED","DMR (R) 2021 MAY MO PART A (736831) D-001 D-002","",".pdf","51.8 KB","https://prodenv.dep.state.fl.us/DepStaging/api/dms/38.1182991.1"
"FL0980722","NORTH FLORIDA ROCK","5160 Vermont Rd ","MARIANNA","JACKSON","NWD","04-01-2021","05-20-2021","DISCHARGE MONITORING REPORTS RELATED","DMR 2021 APR MO PART B (736710)","",".xlsx","39.8 KB","https://prodenv.dep.state.fl.us/DepStaging/api/dms/38.1182990.1"
"FL0980722","NORTH FLORIDA ROCK","5160 Vermont Rd ","MARIANNA","JACKSON","NWD","04-01-2021","05-20-2021","DISCHARGE MONITORING REPORTS RELATED","DMR 2021 APR MO PART B (643573)","",".xlsx","39.8 KB","https://prodenv.dep.state.fl.us/DepStaging/api/dms/38.994241.1"
"FL0980722","NORTH FLORIDA ROCK","5160 Vermont Rd ","MARIANNA","JACKSON","NWD","04-01-2021","05-20-2021","DISCHARGE MONITORING REPORTS RELATED","DMR 2021 APR MO PART A (643573) D-001 D-002","",".pdf","54.0 KB","https://prodenv.dep.state.fl.us/DepStaging/api/dms/38.994240.1"
"FL0980722","NORTH FLORIDA ROCK","5160 Vermont Rd ","MARIANNA","JACKSON","NWD","04-01-2021","05-20-2021","DISCHARGE MONITORING REPORTS RELATED","DMR (R) 2021 APR MO PART A (736710) D-001 D-002","",".pdf","52.8 KB","https://prodenv.dep.state.fl.us/DepStaging/api/dms/38.1182989.1"
"FL0980722","NORTH FLORIDA ROCK","5160 Vermont Rd ","MARIANNA","JACKSON","NWD","03-01-2021","04-22-2021","DISCHARGE MONITORING REPORTS RELATED","DMR 2021 MAR MO PART B (736829)","",".xlsx","39.3 KB","https://prodenv.dep.state.fl.us/DepStaging/api/dms/38.1182988.1"
"FL0980722","NORTH FLORIDA ROCK","5160 Vermont Rd ","MARIANNA","JACKSON","NWD","03-01-2021","04-22-2021","DISCHARGE MONITORING REPORTS RELATED","DMR 2021 MAR MO PART B (643572)","",".xlsx","39.3 KB","https://prodenv.dep.state.fl.us/DepStaging/api/dms/38.984078.1"
"FL0980722","NORTH FLORIDA ROCK","5160 Vermont Rd ","MARIANNA","JACKSON","NWD","03-01-2021","04-22-2021","DISCHARGE MONITORING REPORTS RELATED","DMR 2021 MAR MO PART A (643572) D-001 D-002","",".pdf","54.3 KB","https://prodenv.dep.state.fl.us/DepStaging/api/dms/38.984077.1"
"FL0980722","NORTH FLORIDA ROCK","5160 Vermont Rd ","MARIANNA","JACKSON","NWD","03-01-2021","04-22-2021","DISCHARGE MONITORING REPORTS RELATED","DMR (R) 2021 MAR MO PART A (736829) D-001 D-002","",".pdf","51.8 KB","https://prodenv.dep.state.fl.us/DepStaging/api/dms/38.1182987.1"
"FL0980722","NORTH FLORIDA ROCK","5160 Vermont Rd ","MARIANNA","JACKSON","NWD","02-01-2021","03-26-2021","DISCHARGE MONITORING REPORTS RELATED","DMR 2021 FEB MO PART B (736828)","",".xlsx","14.3 KB","https://prodenv.dep.state.fl.us/DepStaging/api/dms/38.1182985.1"
"FL0980722","NORTH FLORIDA ROCK","5160 Vermont Rd ","MARIANNA","JACKSON","NWD","02-01-2021","03-26-2021","DISCHARGE MONITORING REPORTS RELATED","DMR 2021 FEB MO PART B (643571)","",".xlsx","14.3 KB","https://prodenv.dep.state.fl.us/DepStaging/api/dms/38.975193.1"
"FL0980722","NORTH FLORIDA ROCK","5160 Vermont Rd ","MARIANNA","JACKSON","NWD","02-01-2021","03-26-2021","DISCHARGE MONITORING REPORTS RELATED","DMR 2021 FEB MO PART A (643571) D-001 D-002","",".pdf","54.3 KB","https://prodenv.dep.state.fl.us/DepStaging/api/dms/38.975194.1"
"FL0980722","NORTH FLORIDA ROCK","5160 Vermont Rd ","MARIANNA","JACKSON","NWD","02-01-2021","03-26-2021","DISCHARGE MONITORING REPORTS RELATED","DMR (R) 2021 FEB MO PART A (736828) D-001 D-002","",".pdf","51.8 KB","https://prodenv.dep.state.fl.us/DepStaging/api/dms/38.1182984.1"
"FL0980722","NORTH FLORIDA ROCK","5160 Vermont Rd ","MARIANNA","JACKSON","NWD","01-12-2021","01-12-2021","INSPECTION RELATED","CEI REPORT AND CAO NORTH FLORIDA ROCK 11.25.2019","",".pdf","2.0 MB","https://prodenv.dep.state.fl.us/DepStaging/api/dms/38.951707.1"
"FL0980722","NORTH FLORIDA ROCK","5160 Vermont Rd ","MARIANNA","JACKSON","NWD","01-01-2021","02-19-2021","DISCHARGE MONITORING REPORTS RELATED","DMR 2021 JAN MO PART B (736818)","",".xlsx","14.7 KB","https://prodenv.dep.state.fl.us/DepStaging/api/dms/38.1182983.1"
"FL0980722","NORTH FLORIDA ROCK","5160 Vermont Rd ","MARIANNA","JACKSON","NWD","01-01-2021","02-19-2021","DISCHARGE MONITORING REPORTS RELATED","DMR 2021 JAN MO PART B (640047)","",".xlsx","14.7 KB","https://prodenv.dep.state.fl.us/DepStaging/api/dms/38.966959.1"
"FL0980722","NORTH FLORIDA ROCK","5160 Vermont Rd ","MARIANNA","JACKSON","NWD","01-01-2021","02-19-2021","DISCHARGE MONITORING REPORTS RELATED","DMR 2021 JAN MO PART A (640047) D-001 D-002","",".pdf","54.3 KB","https://prodenv.dep.state.fl.us/DepStaging/api/dms/38.966960.1"
"FL0980722","NORTH FLORIDA ROCK","5160 Vermont Rd ","MARIANNA","JACKSON","NWD","01-01-2021","02-19-2021","DISCHARGE MONITORING REPORTS RELATED","DMR (R) 2021 JAN MO PART A (736818) D-001 D-002","",".pdf","51.8 KB","https://prodenv.dep.state.fl.us/DepStaging/api/dms/38.1182982.1"
"FL0980722","NORTH FLORIDA ROCK","5160 Vermont Rd ","MARIANNA","JACKSON","NWD","12-01-2020","01-26-2021","DISCHARGE MONITORING REPORTS RELATED","DMR 2020 DEC MO PART B (736817)","",".xlsx","14.6 KB","https://prodenv.dep.state.fl.us/DepStaging/api/dms/38.1182981.1"
"FL0980722","NORTH FLORIDA ROCK","5160 Vermont Rd ","MARIANNA","JACKSON","NWD","12-01-2020","01-26-2021","DISCHARGE MONITORING REPORTS RELATED","DMR 2020 DEC MO PART B (648451)","",".xlsx","14.6 KB","https://prodenv.dep.state.fl.us/DepStaging/api/dms/38.967299.1"
"FL0980722","NORTH FLORIDA ROCK","5160 Vermont Rd ","MARIANNA","JACKSON","NWD","12-01-2020","01-26-2021","DISCHARGE MONITORING REPORTS RELATED","DMR 2020 DEC MO PART B (637047)","",".docx","23.3 KB","https://prodenv.dep.state.fl.us/DepStaging/api/dms/38.957532.1"
"FL0980722","NORTH FLORIDA ROCK","5160 Vermont Rd ","MARIANNA","JACKSON","NWD","12-01-2020","01-26-2021","DISCHARGE MONITORING REPORTS RELATED","DMR 2020 DEC MO PART A (637047) D-001 D-002","",".pdf","53.0 KB","https://prodenv.dep.state.fl.us/DepStaging/api/dms/38.957533.1"
"FL0980722","NORTH FLORIDA ROCK","5160 Vermont Rd ","MARIANNA","JACKSON","NWD","12-01-2020","01-26-2021","DISCHARGE MONITORING REPORTS RELATED","DMR (R) 2020 DEC MO PART A (736817) D-001 D-002","",".pdf","51.8 KB","https://prodenv.dep.state.fl.us/DepStaging/api/dms/38.1182980.1"
"FL0980722","NORTH FLORIDA ROCK","5160 Vermont Rd ","MARIANNA","JACKSON","NWD","12-01-2020","01-26-2021","DISCHARGE MONITORING REPORTS RELATED","DMR (R) 2020 DEC MO PART A (648451) D-001 D-002","",".pdf","54.3 KB","https://prodenv.dep.state.fl.us/DepStaging/api/dms/38.967300.1"
"FL0980722","NORTH FLORIDA ROCK","5160 Vermont Rd ","MARIANNA","JACKSON","NWD","11-01-2020","12-17-2020","DISCHARGE MONITORING REPORTS RELATED","DMR 2020 NOV MO PART B (736813)","",".xlsx","13.0 KB","https://prodenv.dep.state.fl.us/DepStaging/api/dms/38.1182979.1"
"FL0980722","NORTH FLORIDA ROCK","5160 Vermont Rd ","MARIANNA","JACKSON","NWD","11-01-2020","12-17-2020","DISCHARGE MONITORING REPORTS RELATED","DMR 2020 NOV MO PART B (634580)","",".xlsx","40.2 KB","https://prodenv.dep.state.fl.us/DepStaging/api/dms/38.945932.1"
"FL0980722","NORTH FLORIDA ROCK","5160 Vermont Rd ","MARIANNA","JACKSON","NWD","11-01-2020","12-17-2020","DISCHARGE MONITORING REPORTS RELATED","DMR 2020 NOV MO PART A (634580) D-001 D-002","",".pdf","54.0 KB","https://prodenv.dep.state.fl.us/DepStaging/api/dms/38.945933.1"
"FL0980722","NORTH FLORIDA ROCK","5160 Vermont Rd ","MARIANNA","JACKSON","NWD","11-01-2020","12-17-2020","DISCHARGE MONITORING REPORTS RELATED","DMR (R) 2020 NOV MO PART A (736813) D-001 D-002","",".pdf","52.7 KB","https://prodenv.dep.state.fl.us/DepStaging/api/dms/38.1182978.1"
"FL0980722","NORTH FLORIDA ROCK","5160 Vermont Rd ","MARIANNA","JACKSON","NWD","10-01-2020","11-25-2020","DISCHARGE MONITORING REPORTS RELATED","DMR 2020 OCT MO PART B (631123)","",".xlsx","14.9 KB","https://prodenv.dep.state.fl.us/DepStaging/api/dms/38.939430.1"
"FL0980722","NORTH FLORIDA ROCK","5160 Vermont Rd ","MARIANNA","JACKSON","NWD","10-01-2020","11-25-2020","DISCHARGE MONITORING REPORTS RELATED","DMR 2020 OCT MO PART A (631123) D-001 D-002","",".pdf","52.9 KB","https://prodenv.dep.state.fl.us/DepStaging/api/dms/38.939429.1"
"FL0980722","NORTH FLORIDA ROCK","5160 Vermont Rd ","MARIANNA","JACKSON","NWD","09-01-2020","10-21-2020","DISCHARGE MONITORING REPORTS RELATED","DMR 2020 SEP MO PART B (736812)","",".xlsx","12.9 KB","https://prodenv.dep.state.fl.us/DepStaging/api/dms/38.1182976.1"
"FL0980722","NORTH FLORIDA ROCK","5160 Vermont Rd ","MARIANNA","JACKSON","NWD","09-01-2020","10-21-2020","DISCHARGE MONITORING REPORTS RELATED","DMR 2020 SEP MO PART B (628718)","",".pdf","93.9 KB","https://prodenv.dep.state.fl.us/DepStaging/api/dms/38.928892.1"
"FL0980722","NORTH FLORIDA ROCK","5160 Vermont Rd ","MARIANNA","JACKSON","NWD","09-01-2020","10-21-2020","DISCHARGE MONITORING REPORTS RELATED","DMR 2020 SEP MO PART A (628718) D-001 D-002","",".pdf","53.9 KB","https://prodenv.dep.state.fl.us/DepStaging/api/dms/38.928894.1"
"FL0980722","NORTH FLORIDA ROCK","5160 Vermont Rd ","MARIANNA","JACKSON","NWD","09-01-2020","10-21-2020","DISCHARGE MONITORING REPORTS RELATED","DMR 2020 SEP MO DEP CORRESPONDENCE EMAIL (736812)","",".pdf","157.7 KB","https://prodenv.dep.state.fl.us/DepStaging/api/dms/38.1182977.1"
"FL0980722","NORTH FLORIDA ROCK","5160 Vermont Rd ","MARIANNA","JACKSON","NWD","09-01-2020","10-21-2020","DISCHARGE MONITORING REPORTS RELATED","DMR 2020 SEP MO DEP CORRESPONDENCE EMAIL (628718)","",".pdf","157.7 KB","https://prodenv.dep.state.fl.us/DepStaging/api/dms/38.928893.1"
"FL0980722","NORTH FLORIDA ROCK","5160 Vermont Rd ","MARIANNA","JACKSON","NWD","09-01-2020","10-21-2020","DISCHARGE MONITORING REPORTS RELATED","DMR (R) 2020 SEP MO PART A (736812) D-001 D-002","",".pdf","52.9 KB","https://prodenv.dep.state.fl.us/DepStaging/api/dms/38.1182975.1"
"FL0980722","NORTH FLORIDA ROCK","5160 Vermont Rd ","MARIANNA","JACKSON","NWD","08-01-2020","09-26-2020","DISCHARGE MONITORING REPORTS RELATED","DMR 2020 AUG MO PART B (736778)","",".pdf","94.3 KB","https://prodenv.dep.state.fl.us/DepStaging/api/dms/38.1182973.1"
"FL0980722","NORTH FLORIDA ROCK","5160 Vermont Rd ","MARIANNA","JACKSON","NWD","08-01-2020","09-26-2020","DISCHARGE MONITORING REPORTS RELATED","DMR 2020 AUG MO PART B (626228)","",".pdf","94.3 KB","https://prodenv.dep.state.fl.us/DepStaging/api/dms/38.921198.1"
"FL0980722","NORTH FLORIDA ROCK","5160 Vermont Rd ","MARIANNA","JACKSON","NWD","08-01-2020","09-26-2020","DISCHARGE MONITORING REPORTS RELATED","DMR 2020 AUG MO PART A (626228) D-001 D-002","",".pdf","53.0 KB","https://prodenv.dep.state.fl.us/DepStaging/api/dms/38.921199.1"
"FL0980722","NORTH FLORIDA ROCK","5160 Vermont Rd ","MARIANNA","JACKSON","NWD","08-01-2020","09-26-2020","DISCHARGE MONITORING REPORTS RELATED","DMR (R) 2020 AUG MO PART A (736778) D-001 D-002","",".pdf","51.8 KB","https://prodenv.dep.state.fl.us/DepStaging/api/dms/38.1182974.1"
"FL0980722","NORTH FLORIDA ROCK","5160 Vermont Rd ","MARIANNA","JACKSON","NWD","07-01-2020","08-21-2020","DISCHARGE MONITORING REPORTS RELATED","DMR 2020 JUL MO PART B (736777)","",".xlsx","13.2 KB","https://prodenv.dep.state.fl.us/DepStaging/api/dms/38.1182962.1"
"FL0980722","NORTH FLORIDA ROCK","5160 Vermont Rd ","MARIANNA","JACKSON","NWD","07-01-2020","08-21-2020","DISCHARGE MONITORING REPORTS RELATED","DMR 2020 JUL MO PART B (629214)","",".pdf","93.5 KB","https://prodenv.dep.state.fl.us/DepStaging/api/dms/38.918806.1"
"FL0980722","NORTH FLORIDA ROCK","5160 Vermont Rd ","MARIANNA","JACKSON","NWD","07-01-2020","08-21-2020","DISCHARGE MONITORING REPORTS RELATED","DMR 2020 JUL MO PART B (622507)","",".pdf","94.5 KB","https://prodenv.dep.state.fl.us/DepStaging/api/dms/38.912569.1"
"FL0980722","NORTH FLORIDA ROCK","5160 Vermont Rd ","MARIANNA","JACKSON","NWD","07-01-2020","08-21-2020","DISCHARGE MONITORING REPORTS RELATED","DMR 2020 JUL MO PART A (622507) D-001 D-002","",".pdf","53.0 KB","https://prodenv.dep.state.fl.us/DepStaging/api/dms/38.912568.1"
"FL0980722","NORTH FLORIDA ROCK","5160 Vermont Rd ","MARIANNA","JACKSON","NWD","07-01-2020","08-21-2020","DISCHARGE MONITORING REPORTS RELATED","DMR (R) 2020 JUL MO PART A (736777) D-001 D-002","",".pdf","52.7 KB","https://prodenv.dep.state.fl.us/DepStaging/api/dms/38.1182963.1"
"FL0980722","NORTH FLORIDA ROCK","5160 Vermont Rd ","MARIANNA","JACKSON","NWD","07-01-2020","08-21-2020","DISCHARGE MONITORING REPORTS RELATED","DMR (R) 2020 JUL MO PART A (629214) D-001 D-002","",".pdf","53.0 KB","https://prodenv.dep.state.fl.us/DepStaging/api/dms/38.918805.1"
"FL0980722","NORTH FLORIDA ROCK","5160 Vermont Rd ","MARIANNA","JACKSON","NWD","06-01-2020","07-21-2020","DISCHARGE MONITORING REPORTS RELATED","DMR 2020 JUN MO PART B (736776)","",".pdf","93.4 KB","https://prodenv.dep.state.fl.us/DepStaging/api/dms/38.1182960.1"
"FL0980722","NORTH FLORIDA ROCK","5160 Vermont Rd ","MARIANNA","JACKSON","NWD","06-01-2020","07-21-2020","DISCHARGE MONITORING REPORTS RELATED","DMR 2020 JUN MO PART B (629335)","",".pdf","93.4 KB","https://prodenv.dep.state.fl.us/DepStaging/api/dms/38.918801.1"
"FL0980722","NORTH FLORIDA ROCK","5160 Vermont Rd ","MARIANNA","JACKSON","NWD","06-01-2020","07-21-2020","DISCHARGE MONITORING REPORTS RELATED","DMR 2020 JUN MO PART B (620195)","",".pdf","94.4 KB","https://prodenv.dep.state.fl.us/DepStaging/api/dms/38.905127.1"
"FL0980722","NORTH FLORIDA ROCK","5160 Vermont Rd ","MARIANNA","JACKSON","NWD","06-01-2020","07-21-2020","DISCHARGE MONITORING REPORTS RELATED","DMR 2020 JUN MO PART A (620195) D-001 D-002","",".pdf","53.0 KB","https://prodenv.dep.state.fl.us/DepStaging/api/dms/38.905128.1"
"FL0980722","NORTH FLORIDA ROCK","5160 Vermont Rd ","MARIANNA","JACKSON","NWD","06-01-2020","07-21-2020","DISCHARGE MONITORING REPORTS RELATED","DMR (R) 2020 JUN MO PART A (736776) D-001 D-002","",".pdf","51.8 KB","https://prodenv.dep.state.fl.us/DepStaging/api/dms/38.1182961.1"
"FL0980722","NORTH FLORIDA ROCK","5160 Vermont Rd ","MARIANNA","JACKSON","NWD","06-01-2020","07-21-2020","DISCHARGE MONITORING REPORTS RELATED","DMR (R) 2020 JUN MO PART A (629335) D-001 D-002","",".pdf","53.0 KB","https://prodenv.dep.state.fl.us/DepStaging/api/dms/38.918800.1"
"FL0980722","NORTH FLORIDA ROCK","5160 Vermont Rd ","MARIANNA","JACKSON","NWD","05-01-2020","06-21-2020","DISCHARGE MONITORING REPORTS RELATED","DMR 2020 MAY MO PART B (736765)","",".pdf","93.4 KB","https://prodenv.dep.state.fl.us/DepStaging/api/dms/38.1182957.1"
"FL0980722","NORTH FLORIDA ROCK","5160 Vermont Rd ","MARIANNA","JACKSON","NWD","05-01-2020","06-21-2020","DISCHARGE MONITORING REPORTS RELATED","DMR 2020 MAY MO PART B (629334)","",".pdf","93.4 KB","https://prodenv.dep.state.fl.us/DepStaging/api/dms/38.918778.1"
"FL0980722","NORTH FLORIDA ROCK","5160 Vermont Rd ","MARIANNA","JACKSON","NWD","05-01-2020","06-21-2020","DISCHARGE MONITORING REPORTS RELATED","DMR 2020 MAY MO PART B (617699)","",".pdf","94.3 KB","https://prodenv.dep.state.fl.us/DepStaging/api/dms/38.898426.1"
"FL0980722","NORTH FLORIDA ROCK","5160 Vermont Rd ","MARIANNA","JACKSON","NWD","05-01-2020","06-21-2020","DISCHARGE MONITORING REPORTS RELATED","DMR 2020 MAY MO PART A (617699) D-001 D-002","",".pdf","54.5 KB","https://prodenv.dep.state.fl.us/DepStaging/api/dms/38.898427.1"
"FL0980722","NORTH FLORIDA ROCK","5160 Vermont Rd ","MARIANNA","JACKSON","NWD","05-01-2020","06-21-2020","DISCHARGE MONITORING REPORTS RELATED","DMR (R) 2020 MAY MO PART A (736765) D-001 D-002","",".pdf","52.7 KB","https://prodenv.dep.state.fl.us/DepStaging/api/dms/38.1182956.1"
"FL0980722","NORTH FLORIDA ROCK","5160 Vermont Rd ","MARIANNA","JACKSON","NWD","05-01-2020","06-21-2020","DISCHARGE MONITORING REPORTS RELATED","DMR (R) 2020 MAY MO PART A (629334) D-001 D-002","",".pdf","54.5 KB","https://prodenv.dep.state.fl.us/DepStaging/api/dms/38.918777.1"
"FL0980722","NORTH FLORIDA ROCK","5160 Vermont Rd ","MARIANNA","JACKSON","NWD","04-01-2020","05-19-2020","DISCHARGE MONITORING REPORTS RELATED","DMR 2020 APR MO PART B (736769)","",".pdf","93.4 KB","https://prodenv.dep.state.fl.us/DepStaging/api/dms/38.1182954.1"
"FL0980722","NORTH FLORIDA ROCK","5160 Vermont Rd ","MARIANNA","JACKSON","NWD","04-01-2020","05-19-2020","DISCHARGE MONITORING REPORTS RELATED","DMR 2020 APR MO PART B (629333)","",".pdf","93.4 KB","https://prodenv.dep.state.fl.us/DepStaging/api/dms/38.918798.1"
"FL0980722","NORTH FLORIDA ROCK","5160 Vermont Rd ","MARIANNA","JACKSON","NWD","04-01-2020","05-19-2020","DISCHARGE MONITORING REPORTS RELATED","DMR 2020 APR MO PART B (614267)","",".pdf","94.4 KB","https://prodenv.dep.state.fl.us/DepStaging/api/dms/38.889477.1"
"FL0980722","NORTH FLORIDA ROCK","5160 Vermont Rd ","MARIANNA","JACKSON","NWD","04-01-2020","05-19-2020","DISCHARGE MONITORING REPORTS RELATED","DMR 2020 APR MO PART A (614267) D-001 D-002","",".pdf","53.0 KB","https://prodenv.dep.state.fl.us/DepStaging/api/dms/38.889476.1"
"FL0980722","NORTH FLORIDA ROCK","5160 Vermont Rd ","MARIANNA","JACKSON","NWD","04-01-2020","05-19-2020","DISCHARGE MONITORING REPORTS RELATED","DMR (R) 2020 APR MO PART A (736769) D-001 D-002","",".pdf","52.7 KB","https://prodenv.dep.state.fl.us/DepStaging/api/dms/38.1182953.1"
"FL0980722","NORTH FLORIDA ROCK","5160 Vermont Rd ","MARIANNA","JACKSON","NWD","04-01-2020","05-19-2020","DISCHARGE MONITORING REPORTS RELATED","DMR (R) 2020 APR MO PART A (629333) D-001 D-002","",".pdf","53.0 KB","https://prodenv.dep.state.fl.us/DepStaging/api/dms/38.918799.1"
"FL0980722","NORTH FLORIDA ROCK","5160 Vermont Rd ","MARIANNA","JACKSON","NWD","03-01-2020","04-21-2020","DISCHARGE MONITORING REPORTS RELATED","DMR 2020 MAR MO PART B (736898)","",".pdf","96.8 KB","https://prodenv.dep.state.fl.us/DepStaging/api/dms/38.1182945.1"
"FL0980722","NORTH FLORIDA ROCK","5160 Vermont Rd ","MARIANNA","JACKSON","NWD","03-01-2020","04-21-2020","DISCHARGE MONITORING REPORTS RELATED","DMR 2020 MAR MO PART B (736768)","",".pdf","96.8 KB","https://prodenv.dep.state.fl.us/DepStaging/api/dms/38.1182944.1"
"FL0980722","NORTH FLORIDA ROCK","5160 Vermont Rd ","MARIANNA","JACKSON","NWD","03-01-2020","04-21-2020","DISCHARGE MONITORING REPORTS RELATED","DMR 2020 MAR MO PART B (629332)","",".pdf","96.8 KB","https://prodenv.dep.state.fl.us/DepStaging/api/dms/38.918797.1"
"FL0980722","NORTH FLORIDA ROCK","5160 Vermont Rd ","MARIANNA","JACKSON","NWD","03-01-2020","04-21-2020","DISCHARGE MONITORING REPORTS RELATED","DMR 2020 MAR MO PART B (609116)","",".pdf","97.3 KB","https://prodenv.dep.state.fl.us/DepStaging/api/dms/38.884535.1"
"FL0980722","NORTH FLORIDA ROCK","5160 Vermont Rd ","MARIANNA","JACKSON","NWD","03-01-2020","04-21-2020","DISCHARGE MONITORING REPORTS RELATED","DMR 2020 MAR MO PART A (609116) D-001 D-002","",".pdf","54.2 KB","https://prodenv.dep.state.fl.us/DepStaging/api/dms/38.884534.1"
"FL0980722","NORTH FLORIDA ROCK","5160 Vermont Rd ","MARIANNA","JACKSON","NWD","03-01-2020","04-21-2020","DISCHARGE MONITORING REPORTS RELATED","DMR (R) 2020 MAR MO PART A (736898) D-001 D-002","",".pdf","51.8 KB","https://prodenv.dep.state.fl.us/DepStaging/api/dms/38.1182946.1"
"FL0980722","NORTH FLORIDA ROCK","5160 Vermont Rd ","MARIANNA","JACKSON","NWD","03-01-2020","04-21-2020","DISCHARGE MONITORING REPORTS RELATED","DMR (R) 2020 MAR MO PART A (736768) D-001 D-002","",".pdf","51.8 KB","https://prodenv.dep.state.fl.us/DepStaging/api/dms/38.1182943.1"
"FL0980722","NORTH FLORIDA ROCK","5160 Vermont Rd ","MARIANNA","JACKSON","NWD","03-01-2020","04-21-2020","DISCHARGE MONITORING REPORTS RELATED","DMR (R) 2020 MAR MO PART A (629332) D-001 D-002","",".pdf","54.2 KB","https://prodenv.dep.state.fl.us/DepStaging/api/dms/38.918796.1"
"FL0980722","NORTH FLORIDA ROCK","5160 Vermont Rd ","MARIANNA","JACKSON","NWD","02-01-2020","03-06-2020","DISCHARGE MONITORING REPORTS RELATED","DMR 2020 FEB MO PART B (736767)","",".pdf","93.4 KB","https://prodenv.dep.state.fl.us/DepStaging/api/dms/38.1182942.1"
"FL0980722","NORTH FLORIDA ROCK","5160 Vermont Rd ","MARIANNA","JACKSON","NWD","02-01-2020","03-06-2020","DISCHARGE MONITORING REPORTS RELATED","DMR 2020 FEB MO PART B (629331)","",".pdf","93.4 KB","https://prodenv.dep.state.fl.us/DepStaging/api/dms/38.918793.1"
"FL0980722","NORTH FLORIDA ROCK","5160 Vermont Rd ","MARIANNA","JACKSON","NWD","02-01-2020","03-06-2020","DISCHARGE MONITORING REPORTS RELATED","DMR 2020 FEB MO PART B (606032)","",".pdf","94.4 KB","https://prodenv.dep.state.fl.us/DepStaging/api/dms/38.872357.1"
"FL0980722","NORTH FLORIDA ROCK","5160 Vermont Rd ","MARIANNA","JACKSON","NWD","02-01-2020","03-06-2020","DISCHARGE MONITORING REPORTS RELATED","DMR 2020 FEB MO PART A (606032) D-001 D-002","",".pdf","54.2 KB","https://prodenv.dep.state.fl.us/DepStaging/api/dms/38.872358.1"
"FL0980722","NORTH FLORIDA ROCK","5160 Vermont Rd ","MARIANNA","JACKSON","NWD","02-01-2020","03-06-2020","DISCHARGE MONITORING REPORTS RELATED","DMR (R) 2020 FEB MO PART A (736767) D-001 D-002","",".pdf","51.8 KB","https://prodenv.dep.state.fl.us/DepStaging/api/dms/38.1182941.1"
"FL0980722","NORTH FLORIDA ROCK","5160 Vermont Rd ","MARIANNA","JACKSON","NWD","02-01-2020","03-06-2020","DISCHARGE MONITORING REPORTS RELATED","DMR (R) 2020 FEB MO PART A (629331) D-001 D-002","",".pdf","54.3 KB","https://prodenv.dep.state.fl.us/DepStaging/api/dms/38.918792.1"
"FL0980722","NORTH FLORIDA ROCK","5160 Vermont Rd ","MARIANNA","JACKSON","NWD","01-01-2020","02-21-2020","DISCHARGE MONITORING REPORTS RELATED","DMR 2020 JAN MO PART B (736766)","",".pdf","93.7 KB","https://prodenv.dep.state.fl.us/DepStaging/api/dms/38.1182940.1"
"FL0980722","NORTH FLORIDA ROCK","5160 Vermont Rd ","MARIANNA","JACKSON","NWD","01-01-2020","02-21-2020","DISCHARGE MONITORING REPORTS RELATED","DMR 2020 JAN MO PART B (629330)","",".pdf","93.7 KB","https://prodenv.dep.state.fl.us/DepStaging/api/dms/38.918791.1"
"FL0980722","NORTH FLORIDA ROCK","5160 Vermont Rd ","MARIANNA","JACKSON","NWD","01-01-2020","02-21-2020","DISCHARGE MONITORING REPORTS RELATED","DMR 2020 JAN MO PART B (592625)","",".pdf","94.8 KB","https://prodenv.dep.state.fl.us/DepStaging/api/dms/38.863936.1"
"FL0980722","NORTH FLORIDA ROCK","5160 Vermont Rd ","MARIANNA","JACKSON","NWD","01-01-2020","02-21-2020","DISCHARGE MONITORING REPORTS RELATED","DMR 2020 JAN MO PART A (592625) D-001 D-002","",".pdf","54.2 KB","https://prodenv.dep.state.fl.us/DepStaging/api/dms/38.863937.1"
"FL0980722","NORTH FLORIDA ROCK","5160 Vermont Rd ","MARIANNA","JACKSON","NWD","01-01-2020","02-21-2020","DISCHARGE MONITORING REPORTS RELATED","DMR (R) 2020 JAN MO PART A (736766) D-001 D-002","",".pdf","51.8 KB","https://prodenv.dep.state.fl.us/DepStaging/api/dms/38.1182939.1"
"FL0980722","NORTH FLORIDA ROCK","5160 Vermont Rd ","MARIANNA","JACKSON","NWD","01-01-2020","02-21-2020","DISCHARGE MONITORING REPORTS RELATED","DMR (R) 2020 JAN MO PART A (629330) D-001 D-002","",".pdf","54.3 KB","https://prodenv.dep.state.fl.us/DepStaging/api/dms/38.918790.1"
"FL0980722","NORTH FLORIDA ROCK","5160 Vermont Rd ","MARIANNA","JACKSON","NWD","12-19-2019","12-19-2019","INSPECTION RELATED","EMAIL DISSOLVED OXYGEN FROM ICARUS ECOLOGICAL SERVICES","",".msg","154.0 KB","https://prodenv.dep.state.fl.us/DepStaging/api/dms/38.929521.1"
"FL0980722","NORTH FLORIDA ROCK","5160 Vermont Rd ","MARIANNA","JACKSON","NWD","12-01-2019","01-16-2020","DISCHARGE MONITORING REPORTS RELATED","DMR 2019 DEC MO PART B (736764)","",".pdf","116.0 KB","https://prodenv.dep.state.fl.us/DepStaging/api/dms/38.1182938.1"
"FL0980722","NORTH FLORIDA ROCK","5160 Vermont Rd ","MARIANNA","JACKSON","NWD","12-01-2019","01-16-2020","DISCHARGE MONITORING REPORTS RELATED","DMR 2019 DEC MO PART B (629329)","",".pdf","116.0 KB","https://prodenv.dep.state.fl.us/DepStaging/api/dms/38.918803.1"
"FL0980722","NORTH FLORIDA ROCK","5160 Vermont Rd ","MARIANNA","JACKSON","NWD","12-01-2019","01-16-2020","DISCHARGE MONITORING REPORTS RELATED","DMR 2019 DEC MO PART B (592624)","",".pdf","3.0 MB","https://prodenv.dep.state.fl.us/DepStaging/api/dms/38.854227.1"
"FL0980722","NORTH FLORIDA ROCK","5160 Vermont Rd ","MARIANNA","JACKSON","NWD","12-01-2019","01-16-2020","DISCHARGE MONITORING REPORTS RELATED","DMR 2019 DEC MO PART A (592624) D-001 D-002","",".pdf","53.0 KB","https://prodenv.dep.state.fl.us/DepStaging/api/dms/38.854228.1"
"FL0980722","NORTH FLORIDA ROCK","5160 Vermont Rd ","MARIANNA","JACKSON","NWD","12-01-2019","01-16-2020","DISCHARGE MONITORING REPORTS RELATED","DMR (R) 2019 DEC MO PART A (736764) D-001 D-002","",".pdf","51.8 KB","https://prodenv.dep.state.fl.us/DepStaging/api/dms/38.1182937.1"
"FL0980722","NORTH FLORIDA ROCK","5160 Vermont Rd ","MARIANNA","JACKSON","NWD","12-01-2019","01-16-2020","DISCHARGE MONITORING REPORTS RELATED","DMR (R) 2019 DEC MO PART A (629329) D-001 D-002","",".pdf","53.0 KB","https://prodenv.dep.state.fl.us/DepStaging/api/dms/38.918802.1"
"FL0980722","NORTH FLORIDA ROCK","5160 Vermont Rd ","MARIANNA","JACKSON","NWD","11-01-2019","12-02-2019","DISCHARGE MONITORING REPORTS RELATED","DMR 2019 NOV MO PART B (736763)","",".pdf","116.0 KB","https://prodenv.dep.state.fl.us/DepStaging/api/dms/38.1182936.1"
"FL0980722","NORTH FLORIDA ROCK","5160 Vermont Rd ","MARIANNA","JACKSON","NWD","11-01-2019","12-02-2019","DISCHARGE MONITORING REPORTS RELATED","DMR 2019 NOV MO PART B (629328)","",".pdf","116.0 KB","https://prodenv.dep.state.fl.us/DepStaging/api/dms/38.918769.1"
"FL0980722","NORTH FLORIDA ROCK","5160 Vermont Rd ","MARIANNA","JACKSON","NWD","11-01-2019","12-02-2019","DISCHARGE MONITORING REPORTS RELATED","DMR 2019 NOV MO PART B (592623)","",".pdf","359.8 KB","https://prodenv.dep.state.fl.us/DepStaging/api/dms/38.844285.1"
"FL0980722","NORTH FLORIDA ROCK","5160 Vermont Rd ","MARIANNA","JACKSON","NWD","11-01-2019","12-02-2019","DISCHARGE MONITORING REPORTS RELATED","DMR 2019 NOV MO PART A (592623) D-001 D-002","",".pdf","54.2 KB","https://prodenv.dep.state.fl.us/DepStaging/api/dms/38.844286.1"
"FL0980722","NORTH FLORIDA ROCK","5160 Vermont Rd ","MARIANNA","JACKSON","NWD","11-01-2019","12-02-2019","DISCHARGE MONITORING REPORTS RELATED","DMR (R) 2019 NOV MO PART A (736763) D-001 D-002","",".pdf","52.9 KB","https://prodenv.dep.state.fl.us/DepStaging/api/dms/38.1182935.1"
"FL0980722","NORTH FLORIDA ROCK","5160 Vermont Rd ","MARIANNA","JACKSON","NWD","11-01-2019","12-02-2019","DISCHARGE MONITORING REPORTS RELATED","DMR (R) 2019 NOV MO PART A (629328) D-001 D-002","",".pdf","54.2 KB","https://prodenv.dep.state.fl.us/DepStaging/api/dms/38.918770.1"
"FL0980722","NORTH FLORIDA ROCK","5160 Vermont Rd ","MARIANNA","JACKSON","NWD","10-01-2019","11-19-2019","DISCHARGE MONITORING REPORTS RELATED","DMR 2019 OCT MO PART B (736762)","",".pdf","95.5 KB","https://prodenv.dep.state.fl.us/DepStaging/api/dms/38.1182934.1"
"FL0980722","NORTH FLORIDA ROCK","5160 Vermont Rd ","MARIANNA","JACKSON","NWD","10-01-2019","11-19-2019","DISCHARGE MONITORING REPORTS RELATED","DMR 2019 OCT MO PART B (629326)","",".pdf","95.5 KB","https://prodenv.dep.state.fl.us/DepStaging/api/dms/38.918756.1"
"FL0980722","NORTH FLORIDA ROCK","5160 Vermont Rd ","MARIANNA","JACKSON","NWD","10-01-2019","11-19-2019","DISCHARGE MONITORING REPORTS RELATED","DMR 2019 OCT MO PART B (591042)","",".pdf","43.1 KB","https://prodenv.dep.state.fl.us/DepStaging/api/dms/38.836214.1"
"FL0980722","NORTH FLORIDA ROCK","5160 Vermont Rd ","MARIANNA","JACKSON","NWD","10-01-2019","11-19-2019","DISCHARGE MONITORING REPORTS RELATED","DMR 2019 OCT MO PART A (591042) D-001 D-002","",".pdf","53.0 KB","https://prodenv.dep.state.fl.us/DepStaging/api/dms/38.836215.1"
"FL0980722","NORTH FLORIDA ROCK","5160 Vermont Rd ","MARIANNA","JACKSON","NWD","10-01-2019","11-19-2019","DISCHARGE MONITORING REPORTS RELATED","DMR (R) 2019 OCT MO PART A (736762) D-001 D-002","",".pdf","51.8 KB","https://prodenv.dep.state.fl.us/DepStaging/api/dms/38.1182933.1"
"FL0980722","NORTH FLORIDA ROCK","5160 Vermont Rd ","MARIANNA","JACKSON","NWD","10-01-2019","11-19-2019","DISCHARGE MONITORING REPORTS RELATED","DMR (R) 2019 OCT MO PART A (629326) D-001 D-002","",".pdf","53.0 KB","https://prodenv.dep.state.fl.us/DepStaging/api/dms/38.918755.1"
"FL0980722","NORTH FLORIDA ROCK","5160 Vermont Rd ","MARIANNA","JACKSON","NWD","09-01-2019","10-14-2019","DISCHARGE MONITORING REPORTS RELATED","DMR 2019 SEP MO PART B (736761)","",".pdf","95.5 KB","https://prodenv.dep.state.fl.us/DepStaging/api/dms/38.1182931.1"
"FL0980722","NORTH FLORIDA ROCK","5160 Vermont Rd ","MARIANNA","JACKSON","NWD","09-01-2019","10-14-2019","DISCHARGE MONITORING REPORTS RELATED","DMR 2019 SEP MO PART B (629282)","",".pdf","95.5 KB","https://prodenv.dep.state.fl.us/DepStaging/api/dms/38.918750.1"
"FL0980722","NORTH FLORIDA ROCK","5160 Vermont Rd ","MARIANNA","JACKSON","NWD","09-01-2019","10-14-2019","DISCHARGE MONITORING REPORTS RELATED","DMR 2019 SEP MO PART B (588479)","",".pdf","254.1 KB","https://prodenv.dep.state.fl.us/DepStaging/api/dms/38.823592.1"
"FL0980722","NORTH FLORIDA ROCK","5160 Vermont Rd ","MARIANNA","JACKSON","NWD","09-01-2019","10-14-2019","DISCHARGE MONITORING REPORTS RELATED","DMR 2019 SEP MO PART A (588479) D-001 D-002","",".pdf","53.0 KB","https://prodenv.dep.state.fl.us/DepStaging/api/dms/38.823591.1"
"FL0980722","NORTH FLORIDA ROCK","5160 Vermont Rd ","MARIANNA","JACKSON","NWD","09-01-2019","10-14-2019","DISCHARGE MONITORING REPORTS RELATED","DMR (R) 2019 SEP MO PART A (736761) D-001 D-002","",".pdf","51.8 KB","https://prodenv.dep.state.fl.us/DepStaging/api/dms/38.1182930.1"
"FL0980722","NORTH FLORIDA ROCK","5160 Vermont Rd ","MARIANNA","JACKSON","NWD","09-01-2019","10-14-2019","DISCHARGE MONITORING REPORTS RELATED","DMR (R) 2019 SEP MO PART A (629282) D-001 D-002","",".pdf","53.0 KB","https://prodenv.dep.state.fl.us/DepStaging/api/dms/38.918749.1"
"FL0980722","NORTH FLORIDA ROCK","5160 Vermont Rd ","MARIANNA","JACKSON","NWD","08-01-2019","09-19-2019","DISCHARGE MONITORING REPORTS RELATED","DMR 2019 AUG MO PART B (736897)","",".pdf","116.0 KB","https://prodenv.dep.state.fl.us/DepStaging/api/dms/38.1182926.1"
"FL0980722","NORTH FLORIDA ROCK","5160 Vermont Rd ","MARIANNA","JACKSON","NWD","08-01-2019","09-19-2019","DISCHARGE MONITORING REPORTS RELATED","DMR 2019 AUG MO PART B (736760)","",".pdf","116.0 KB","https://prodenv.dep.state.fl.us/DepStaging/api/dms/38.1182857.1"
"FL0980722","NORTH FLORIDA ROCK","5160 Vermont Rd ","MARIANNA","JACKSON","NWD","08-01-2019","09-19-2019","DISCHARGE MONITORING REPORTS RELATED","DMR 2019 AUG MO PART B (629276)","",".pdf","116.0 KB","https://prodenv.dep.state.fl.us/DepStaging/api/dms/38.918748.1"
"FL0980722","NORTH FLORIDA ROCK","5160 Vermont Rd ","MARIANNA","JACKSON","NWD","08-01-2019","09-19-2019","DISCHARGE MONITORING REPORTS RELATED","DMR 2019 AUG MO PART B (577367)","",".pdf","152.4 KB","https://prodenv.dep.state.fl.us/DepStaging/api/dms/38.817524.1"
"FL0980722","NORTH FLORIDA ROCK","5160 Vermont Rd ","MARIANNA","JACKSON","NWD","08-01-2019","09-19-2019","DISCHARGE MONITORING REPORTS RELATED","DMR 2019 AUG MO PART A (577367) D-001 D-002","",".pdf","53.0 KB","https://prodenv.dep.state.fl.us/DepStaging/api/dms/38.817523.1"
"FL0980722","NORTH FLORIDA ROCK","5160 Vermont Rd ","MARIANNA","JACKSON","NWD","08-01-2019","09-19-2019","DISCHARGE MONITORING REPORTS RELATED","DMR (R) 2019 AUG MO PART A (736897) D-001 D-002","",".pdf","51.8 KB","https://prodenv.dep.state.fl.us/DepStaging/api/dms/38.1182925.1"
"FL0980722","NORTH FLORIDA ROCK","5160 Vermont Rd ","MARIANNA","JACKSON","NWD","08-01-2019","09-19-2019","DISCHARGE MONITORING REPORTS RELATED","DMR (R) 2019 AUG MO PART A (736760) D-001 D-002","",".pdf","51.8 KB","https://prodenv.dep.state.fl.us/DepStaging/api/dms/38.1182856.1"
"FL0980722","NORTH FLORIDA ROCK","5160 Vermont Rd ","MARIANNA","JACKSON","NWD","08-01-2019","09-19-2019","DISCHARGE MONITORING REPORTS RELATED","DMR (R) 2019 AUG MO PART A (629276) D-001 D-002","",".pdf","53.0 KB","https://prodenv.dep.state.fl.us/DepStaging/api/dms/38.918747.1"
"FL0980722","NORTH FLORIDA ROCK","5160 Vermont Rd ","MARIANNA","JACKSON","NWD","07-31-2019","07-31-2019","COMPLETENESS REVIEW","EMAIL DMR 2019 JULY FROM NORTH FLORIDA ROCK","",".msg","342.5 KB","https://prodenv.dep.state.fl.us/DepStaging/api/dms/38.863271.1"
"FL0980722","NORTH FLORIDA ROCK","5160 Vermont Rd ","MARIANNA","JACKSON","NWD","07-01-2019","08-23-2019","DISCHARGE MONITORING REPORTS RELATED","DMR 2019 JUL MO PART B (736759)","",".pdf","116.0 KB","https://prodenv.dep.state.fl.us/DepStaging/api/dms/38.1182928.1"
"FL0980722","NORTH FLORIDA ROCK","5160 Vermont Rd ","MARIANNA","JACKSON","NWD","07-01-2019","08-23-2019","DISCHARGE MONITORING REPORTS RELATED","DMR 2019 JUL MO PART B (629219)","",".pdf","116.0 KB","https://prodenv.dep.state.fl.us/DepStaging/api/dms/38.918739.1"
"FL0980722","NORTH FLORIDA ROCK","5160 Vermont Rd ","MARIANNA","JACKSON","NWD","07-01-2019","08-23-2019","DISCHARGE MONITORING REPORTS RELATED","DMR 2019 JUL MO PART B (577366)","",".pdf","2.2 MB","https://prodenv.dep.state.fl.us/DepStaging/api/dms/38.810235.1"
"FL0980722","NORTH FLORIDA ROCK","5160 Vermont Rd ","MARIANNA","JACKSON","NWD","07-01-2019","08-23-2019","DISCHARGE MONITORING REPORTS RELATED","DMR 2019 JUL MO PART A (577366) D-001 D-002","",".pdf","53.0 KB","https://prodenv.dep.state.fl.us/DepStaging/api/dms/38.810234.1"
"FL0980722","NORTH FLORIDA ROCK","5160 Vermont Rd ","MARIANNA","JACKSON","NWD","07-01-2019","08-23-2019","DISCHARGE MONITORING REPORTS RELATED","DMR (R) 2019 JUL MO PART A (736759) D-001 D-002","",".pdf","51.8 KB","https://prodenv.dep.state.fl.us/DepStaging/api/dms/38.1182927.1"
"FL0980722","NORTH FLORIDA ROCK","5160 Vermont Rd ","MARIANNA","JACKSON","NWD","07-01-2019","08-23-2019","DISCHARGE MONITORING REPORTS RELATED","DMR (R) 2019 JUL MO PART A (629219) D-001 D-002","",".pdf","53.0 KB","https://prodenv.dep.state.fl.us/DepStaging/api/dms/38.918738.1"
"FL0980722","NORTH FLORIDA ROCK","5160 Vermont Rd ","MARIANNA","JACKSON","NWD","06-01-2019","07-10-2019","DISCHARGE MONITORING REPORTS RELATED","DMR 2019 JUN MO PART B (736758)","",".pdf","245.1 KB","https://prodenv.dep.state.fl.us/DepStaging/api/dms/38.1182855.1"
"FL0980722","NORTH FLORIDA ROCK","5160 Vermont Rd ","MARIANNA","JACKSON","NWD","06-01-2019","07-10-2019","DISCHARGE MONITORING REPORTS RELATED","DMR 2019 JUN MO PART B (585989)","",".pdf","245.1 KB","https://prodenv.dep.state.fl.us/DepStaging/api/dms/38.801299.1"
"FL0980722","NORTH FLORIDA ROCK","5160 Vermont Rd ","MARIANNA","JACKSON","NWD","06-01-2019","07-10-2019","DISCHARGE MONITORING REPORTS RELATED","DMR 2019 JUN MO PART B (570017)","",".pdf","1.1 MB","https://prodenv.dep.state.fl.us/DepStaging/api/dms/38.795842.1"
"FL0980722","NORTH FLORIDA ROCK","5160 Vermont Rd ","MARIANNA","JACKSON","NWD","06-01-2019","07-10-2019","DISCHARGE MONITORING REPORTS RELATED","DMR 2019 JUN MO PART A (570017) D-001 D-002","",".pdf","53.0 KB","https://prodenv.dep.state.fl.us/DepStaging/api/dms/38.795841.1"
"FL0980722","NORTH FLORIDA ROCK","5160 Vermont Rd ","MARIANNA","JACKSON","NWD","06-01-2019","07-10-2019","DISCHARGE MONITORING REPORTS RELATED","DMR (R) 2019 JUN MO PART A (736758) D-001 D-002","",".pdf","51.8 KB","https://prodenv.dep.state.fl.us/DepStaging/api/dms/38.1182854.1"
"FL0980722","NORTH FLORIDA ROCK","5160 Vermont Rd ","MARIANNA","JACKSON","NWD","06-01-2019","07-10-2019","DISCHARGE MONITORING REPORTS RELATED","DMR (R) 2019 JUN MO PART A (585989) D-001 D-002","",".pdf","53.0 KB","https://prodenv.dep.state.fl.us/DepStaging/api/dms/38.801298.1"
"FL0980722","NORTH FLORIDA ROCK","5160 Vermont Rd ","MARIANNA","JACKSON","NWD","05-01-2019","06-19-2019","DISCHARGE MONITORING REPORTS RELATED","DMR 2019 MAY MO PART B (736757)","",".pdf","251.9 KB","https://prodenv.dep.state.fl.us/DepStaging/api/dms/38.1182921.1"
"FL0980722","NORTH FLORIDA ROCK","5160 Vermont Rd ","MARIANNA","JACKSON","NWD","05-01-2019","06-19-2019","DISCHARGE MONITORING REPORTS RELATED","DMR 2019 MAY MO PART B (585983)","",".pdf","251.9 KB","https://prodenv.dep.state.fl.us/DepStaging/api/dms/38.801301.1"
"FL0980722","NORTH FLORIDA ROCK","5160 Vermont Rd ","MARIANNA","JACKSON","NWD","05-01-2019","06-19-2019","DISCHARGE MONITORING REPORTS RELATED","DMR 2019 MAY MO PART B (570016)","",".pdf","671.1 KB","https://prodenv.dep.state.fl.us/DepStaging/api/dms/38.791186.1"
"FL0980722","NORTH FLORIDA ROCK","5160 Vermont Rd ","MARIANNA","JACKSON","NWD","05-01-2019","06-19-2019","DISCHARGE MONITORING REPORTS RELATED","DMR 2019 MAY MO PART A (570016) D-001 D-002","",".pdf","53.0 KB","https://prodenv.dep.state.fl.us/DepStaging/api/dms/38.791187.1"
"FL0980722","NORTH FLORIDA ROCK","5160 Vermont Rd ","MARIANNA","JACKSON","NWD","05-01-2019","06-19-2019","DISCHARGE MONITORING REPORTS RELATED","DMR 2019 MAY MO NFR GRAB SAMPLES MAY2019 (570016)","",".pdf","671.1 KB","https://prodenv.dep.state.fl.us/DepStaging/api/dms/38.791185.1"
"FL0980722","NORTH FLORIDA ROCK","5160 Vermont Rd ","MARIANNA","JACKSON","NWD","05-01-2019","06-19-2019","DISCHARGE MONITORING REPORTS RELATED","DMR (R) 2019 MAY MO PART A (736757) D-001 D-002","",".pdf","51.8 KB","https://prodenv.dep.state.fl.us/DepStaging/api/dms/38.1182920.1"
"FL0980722","NORTH FLORIDA ROCK","5160 Vermont Rd ","MARIANNA","JACKSON","NWD","05-01-2019","06-19-2019","DISCHARGE MONITORING REPORTS RELATED","DMR (R) 2019 MAY MO PART A (585983) D-001 D-002","",".pdf","53.0 KB","https://prodenv.dep.state.fl.us/DepStaging/api/dms/38.801300.1"
"FL0980722","NORTH FLORIDA ROCK","5160 Vermont Rd ","MARIANNA","JACKSON","NWD","04-17-2019","04-17-2019","DISCHARGE MONITORING REPORTS RELATED","EMAIL RE: EMERGENCY FINAL ORDER 30 DAY EXTENSION APPLICABLE TO PERMIT MONITORING","",".msg","68.5 KB","https://prodenv.dep.state.fl.us/DepStaging/api/dms/38.771493.1"
"FL0980722","NORTH FLORIDA ROCK","5160 Vermont Rd ","MARIANNA","JACKSON","NWD","04-01-2019","05-28-2019","DISCHARGE MONITORING REPORTS RELATED","DMR 2019 APR MO PART B (736756)","",".docx","11.8 KB","https://prodenv.dep.state.fl.us/DepStaging/api/dms/38.1182917.1"
"FL0980722","NORTH FLORIDA ROCK","5160 Vermont Rd ","MARIANNA","JACKSON","NWD","04-01-2019","05-28-2019","DISCHARGE MONITORING REPORTS RELATED","DMR 2019 APR MO PART B (570015)","",".docx","11.8 KB","https://prodenv.dep.state.fl.us/DepStaging/api/dms/38.783065.1"
"FL0980722","NORTH FLORIDA ROCK","5160 Vermont Rd ","MARIANNA","JACKSON","NWD","04-01-2019","05-28-2019","DISCHARGE MONITORING REPORTS RELATED","DMR 2019 APR MO PART A (570015) D-001 D-002","",".pdf","52.9 KB","https://prodenv.dep.state.fl.us/DepStaging/api/dms/38.783066.1"
"FL0980722","NORTH FLORIDA ROCK","5160 Vermont Rd ","MARIANNA","JACKSON","NWD","04-01-2019","05-28-2019","DISCHARGE MONITORING REPORTS RELATED","DMR (R) 2019 APR MO PART A (736756) D-001 D-002","",".pdf","51.7 KB","https://prodenv.dep.state.fl.us/DepStaging/api/dms/38.1182916.1"
"FL0980722","NORTH FLORIDA ROCK","5160 Vermont Rd ","MARIANNA","JACKSON","NWD","03-01-2019","05-20-2019","DISCHARGE MONITORING REPORTS RELATED","DMR 2019 MAR MO PART B (736878)","",".docx","11.8 KB","https://prodenv.dep.state.fl.us/DepStaging/api/dms/38.1182852.1"
"FL0980722","NORTH FLORIDA ROCK","5160 Vermont Rd ","MARIANNA","JACKSON","NWD","03-01-2019","05-20-2019","DISCHARGE MONITORING REPORTS RELATED","DMR 2019 MAR MO PART B (736877)","",".docx","11.8 KB","https://prodenv.dep.state.fl.us/DepStaging/api/dms/38.1182850.1"
"FL0980722","NORTH FLORIDA ROCK","5160 Vermont Rd ","MARIANNA","JACKSON","NWD","03-01-2019","05-20-2019","DISCHARGE MONITORING REPORTS RELATED","DMR 2019 MAR MO PART B (570014)","",".docx","11.8 KB","https://prodenv.dep.state.fl.us/DepStaging/api/dms/38.783063.1"
"FL0980722","NORTH FLORIDA ROCK","5160 Vermont Rd ","MARIANNA","JACKSON","NWD","03-01-2019","05-20-2019","DISCHARGE MONITORING REPORTS RELATED","DMR 2019 MAR MO PART A (570014) D-001 D-002","",".pdf","52.9 KB","https://prodenv.dep.state.fl.us/DepStaging/api/dms/38.783064.1"
"FL0980722","NORTH FLORIDA ROCK","5160 Vermont Rd ","MARIANNA","JACKSON","NWD","03-01-2019","05-20-2019","DISCHARGE MONITORING REPORTS RELATED","DMR (R) 2019 MAR MO PART A (736878) D-001 D-002","",".pdf","51.7 KB","https://prodenv.dep.state.fl.us/DepStaging/api/dms/38.1182853.1"
"FL0980722","NORTH FLORIDA ROCK","5160 Vermont Rd ","MARIANNA","JACKSON","NWD","03-01-2019","05-20-2019","DISCHARGE MONITORING REPORTS RELATED","DMR (R) 2019 MAR MO PART A (736877) D-001 D-002","",".pdf","51.7 KB","https://prodenv.dep.state.fl.us/DepStaging/api/dms/38.1182848.1"
"FL0980722","NORTH FLORIDA ROCK","5160 Vermont Rd ","MARIANNA","JACKSON","NWD","01-17-2019","01-17-2019","CONSENT ORDER","OGC17-1080 TIME EXTENSION LTR NORTH FLORIDA ROCK","",".msg","421.5 KB","https://prodenv.dep.state.fl.us/DepStaging/api/dms/38.747386.1"
"FL0980722","NORTH FLORIDA ROCK","5160 Vermont Rd ","MARIANNA","JACKSON","NWD","01-14-2019","01-14-2019","PERMIT - FINAL","001-IW3S NOTICE OF PERMIT, PERMIT, DMR, FACT SHEET","FL0980722001IW3S",".pdf","11.2 MB","https://prodenv.dep.state.fl.us/DepStaging/api/dms/38.745925.1"
"FL0980722","NORTH FLORIDA ROCK","5160 Vermont Rd ","MARIANNA","JACKSON","NWD","12-27-2018","01-09-2019","PERMIT - INTENT TO ISSUE - DENY RELATED","PROOF OF PUBLICATION JACKSON COUNTY TIMES DEC 27 2018 NOTICE OF INTENT TO ISSUE PERMIT","FL0980722001IW3S",".pdf","5.8 MB","https://prodenv.dep.state.fl.us/DepStaging/api/dms/38.744945.1"
"FL0980722","NORTH FLORIDA ROCK","5160 Vermont Rd ","MARIANNA","JACKSON","NWD","12-18-2018","12-18-2018","PERMIT - INTENT TO ISSUE - DENY RELATED","001-IW3S NOTICE OF INTENT TO ISSUE PERMIT","FL0980722001IW3S",".pdf","11.1 MB","https://prodenv.dep.state.fl.us/DepStaging/api/dms/38.740008.1"
"FL0980722","NORTH FLORIDA ROCK","5160 Vermont Rd ","MARIANNA","JACKSON","NWD","12-03-2018","12-03-2018","PERMIT - DRAFT RELATED","001-IW3S DIVISION OF HISTORICAL RESOURCES COMMENTING AGENCY","FL0980722001IW3S",".msg","345.5 KB","https://prodenv.dep.state.fl.us/DepStaging/api/dms/38.736586.1"
"FL0980722","NORTH FLORIDA ROCK","5160 Vermont Rd ","MARIANNA","JACKSON","NWD","11-19-2018","11-19-2018","PERMIT - DRAFT RELATED","001-IW3S PROOF OF PUBLICATION NOTICE OF DRAFT PERMIT JACKSON COUNTY TIMES 11/15/2018","FL0980722001IW3S",".pdf","4.8 MB","https://prodenv.dep.state.fl.us/DepStaging/api/dms/38.732015.1"
"FL0980722","NORTH FLORIDA ROCK","5160 Vermont Rd ","MARIANNA","JACKSON","NWD","11-09-2018","11-09-2018","PERMIT - DRAFT RELATED","001-IW3S NOTICE OF DRAFT PERMIT, DRAFT PERMIT, FACT SHEET, LEVEL I WQBEL","FL0980722001IW3S",".pdf","11.1 MB","https://prodenv.dep.state.fl.us/DepStaging/api/dms/38.729958.1"
"FL0980722","NORTH FLORIDA ROCK","5160 Vermont Rd ","MARIANNA","JACKSON","NWD","11-01-2018","11-09-2018","PERMIT - DRAFT RELATED","DELETE","FL0980722001IW3S",".pdf","54.8 KB","https://prodenv.dep.state.fl.us/DepStaging/api/dms/38.729957.1"
"FL0980722","NORTH FLORIDA ROCK","5160 Vermont Rd ","MARIANNA","JACKSON","NWD","01-19-2018","01-19-2018","CONSENT ORDER","OGC17-1080Â EXECUTED CONSENT ORDER (CO)Â NORTH FLORIDA ROCK, LLC","","","SUPP","https://prodenv.dep.state.fl.us/DepStaging/api/dms/38.647269.1"
"FL0980722","NORTH FLORIDA ROCK","5160 Vermont Rd ","MARIANNA","JACKSON","NWD","12-15-2017","12-15-2017","PERMIT APPLICATION RELATED","001-IW3S APPLICATION PRELIMINARY DESIGN REPORT WITH EXHIBITS","FL0980722001IW3S",".pdf","15.0 MB","https://prodenv.dep.state.fl.us/DepStaging/api/dms/38.706304.1"
"FL0980722","NORTH FLORIDA ROCK","5160 Vermont Rd ","MARIANNA","JACKSON","NWD","12-15-2017","12-15-2017","PERMIT APPLICATION RELATED","001-IW3S APPLICATION FORMS 1 & 2CS REVISED","FL0980722001IW3S",".pdf","4.6 MB","https://prodenv.dep.state.fl.us/DepStaging/api/dms/38.706302.1"
"FL0980722","NORTH FLORIDA ROCK","5160 Vermont Rd ","MARIANNA","JACKSON","NWD","09-22-2017","09-22-2017","PERMIT APPLICATION RELATED","001-IW3S/32 DEP SECOND REQUEST FOR ADDITIONAL INFORMATION (RAI)","FL0980722001IW3S",".pdf","179.3 KB","https://prodenv.dep.state.fl.us/DepStaging/api/dms/38.617779.1"
"FL0980722","NORTH FLORIDA ROCK","5160 Vermont Rd ","MARIANNA","JACKSON","NWD","08-23-2017","08-23-2017","PERMIT APPLICATION RELATED","001-IW3S APPLICATION ANTIDEGRADATION STATEMENT WITH LISTED SPECIES REPORT","FL0980722001IW3S",".pdf","2.4 MB","https://prodenv.dep.state.fl.us/DepStaging/api/dms/38.706311.1"
"FL0980722","NORTH FLORIDA ROCK","5160 Vermont Rd ","MARIANNA","JACKSON","NWD","04-14-2017","04-14-2017","PERMIT APPLICATION RELATED","001-IW3S FDEP REQUEST FOR ADDITIONAL INFORMATION","FL0980722001IW3S",".pdf","89.9 KB","https://prodenv.dep.state.fl.us/DepStaging/api/dms/38.578129.1"
"FL0980722","NORTH FLORIDA ROCK","5160 Vermont Rd ","MARIANNA","JACKSON","NWD","04-12-2017","04-13-2017","PERMIT APPLICATION RELATED","FLORIDA FISH AND WILDLIFE CONSERVATION COMMISSION (FWC) LETTER COMMENTS/RECOMMENDATIONS AS TECHNICAL ASSISTANCE DURING REVIEW NPDES APPLICATION","FL0980722001IW3S",".pdf","253.8 KB","https://prodenv.dep.state.fl.us/DepStaging/api/dms/38.577792.1"
"FL0980722","NORTH FLORIDA ROCK","5160 Vermont Rd ","MARIANNA","JACKSON","NWD","03-22-2017","03-29-2017","PERMIT APPLICATION RELATED","AFFIDAVIT OF PUBLICATION LEGAL NOTICE NOTICE OF APPLICATION JACKSON COUNTY FLORIDAN MAR 22 2017","FL0980722001IW3S",".pdf","76.1 KB","https://prodenv.dep.state.fl.us/DepStaging/api/dms/38.574393.1"
"FL0980722","NORTH FLORIDA ROCK","5160 Vermont Rd ","MARIANNA","JACKSON","NWD","03-20-2017","03-20-2017","PERMIT APPLICATION RELATED","001-IW3S NOTICE OF APPLICATION FOR NEW NORTH FLORIDA ROCK DISCHARGE PERMIT","FL0980722001IW3S",".pdf","71.6 KB","https://prodenv.dep.state.fl.us/DepStaging/api/dms/38.571300.1"
"FL0980722","NORTH FLORIDA ROCK","5160 Vermont Rd ","MARIANNA","JACKSON","NWD","03-16-2017","03-16-2017","PERMIT APPLICATION RELATED","001-IW3S APPLICATION FORMS 1, 2CS, PRELIM ENGINEERING REPORT, LOCATION MAP, SITE DISCHARGE MAP (SEE REVISED FORM 2CS AND PER 12-15-2017)","FL0980722001IW3S",".pdf","7.4 MB","https://prodenv.dep.state.fl.us/DepStaging/api/dms/38.571362.1"
"FL0980722","NORTH FLORIDA ROCK","5160 Vermont Rd ","MARIANNA","JACKSON","NWD","03-16-2017","03-16-2017","PERMIT APPLICATION RELATED","001-IW3S APPLICATION DRAWINGS","FL0980722001IW3S",".pdf","3.8 MB","https://prodenv.dep.state.fl.us/DepStaging/api/dms/38.571357.1"
